,municipio_id,municipio_nombre
0,60014.0,Adolfo Gonzales Chaves
1,60063.0,Balcarce
2,60070.0,Baradero
3,60084.0,Benito Juárez
4,60021.0,Alberti
5,60077.0,Arrecifes
6,60028.0,Almirante Brown
7,60035.0,Avellaneda
8,60042.0,Ayacucho
9,60049.0,Azul
10,60056.0,Bahía Blanca
11,60091.0,Berazategui
12,60098.0,Berisso
13,60105.0,Bolívar
14,60112.0,Bragado
15,60007.0,Adolfo Alsina
16,60119.0,Brandsen
17,60126.0,Campana
18,60134.0,Cañuelas
19,60140.0,Capitán Sarmiento
20,60147.0,Carlos Casares
21,60154.0,Carlos Tejedor
22,60161.0,Carmen de Areco
23,60168.0,Castelli
24,60175.0,Colón
25,60182.0,Coronel de Marina Leonardo Rosales
26,60189.0,Coronel Dorrego
27,60196.0,Coronel Pringles
28,60203.0,Coronel Suárez
29,60210.0,Chacabuco
30,60218.0,Chascomús
31,60466.0,Lezama
32,60231.0,Daireaux
33,60238.0,Dolores
34,60245.0,Ensenada
35,60252.0,Escobar
36,60260.0,Esteban Echeverría
37,60266.0,Exaltación de la Cruz
38,60270.0,Ezeiza
39,60274.0,Florencio Varela
40,60277.0,Florentino Ameghino
41,60280.0,General Alvarado
42,60287.0,General Alvear
43,60294.0,General Arenales
44,60301.0,General Belgrano
45,60308.0,General Guido
46,60315.0,General Juan Madariaga
47,60322.0,General la Madrid
48,60329.0,General las Heras
49,60336.0,General Lavalle
50,60343.0,General Paz
51,60351.0,General Pinto
52,60357.0,General Pueyrredón
53,60364.0,General Rodríguez
54,60371.0,General San Martín
55,60385.0,General Viamonte
56,60392.0,General Villegas
57,60399.0,Guaminí
58,60406.0,Hipólito Yrigoyen
59,60408.0,Hurlingham
60,60410.0,Ituzaingó
61,60412.0,José C. Paz
62,60413.0,Junín
63,60420.0,La Costa
64,60427.0,La Matanza
65,60434.0,Lanús
66,60441.0,La Plata
67,60448.0,Laprida
68,60455.0,Las Flores
69,60462.0,Leandro N. Alem
70,60476.0,Lobería
71,60483.0,Lobos
72,60490.0,Lomas de Zamora
73,60505.0,Magdalena
74,60511.0,Maipú
75,60515.0,Malvinas Argentinas
76,60518.0,Mar Chiquita
77,60525.0,Marcos Paz
78,60539.0,Merlo
79,60547.0,Monte
80,60553.0,Monte Hermoso
81,60560.0,Moreno
82,60568.0,Morón
83,60574.0,Navarro
84,60581.0,Necochea
85,60588.0,9 de Julio
86,60595.0,Olavarría
87,60602.0,Patagones
88,60609.0,Pehuajó
89,60623.0,Pergamino
90,60630.0,Pila
91,60638.0,Pilar
92,60644.0,Pinamar
93,60648.0,Presidente Perón
94,60651.0,Puán
95,60655.0,Punta Indio
96,60658.0,Quilmes
97,60665.0,Ramallo
98,60672.0,Rauch
99,60679.0,Rivadavia
100,60686.0,Rojas
101,60693.0,Roque Pérez
102,60700.0,Saavedra
103,60707.0,Saladillo
104,60714.0,Salto
105,60721.0,Salliqueló
106,60728.0,San Andrés de Giles
107,60735.0,San Antonio de Areco
108,60742.0,San Cayetano
109,60749.0,San Fernando
110,60756.0,San Isidro
111,60760.0,San Miguel
112,60763.0,San Nicolás
113,60770.0,San Pedro
114,60778.0,San Vicente
115,60784.0,Suipacha
116,60791.0,Tandil
117,60798.0,Tapalqué
118,60805.0,Tigre
119,60812.0,Tordillo
120,60819.0,Tornquist
121,60826.0,Trenque Lauquen
122,60833.0,Tres Arroyos
123,60840.0,Tres de Febrero
124,60847.0,Tres Lomas
125,60854.0,25 de Mayo
126,60861.0,Vicente López
127,60868.0,Villa Gesell
128,60882.0,Zárate
129,100028.0,Los Varela
130,100014.0,La Puerta
131,100007.0,El Rodeo
132,100021.0,Las Juntas
133,100035.0,Ancasti
134,100049.0,Andalgalá
135,100042.0,Aconquija
136,100056.0,Antofagasta de la Sierra
137,100119.0,Villa Vil
138,100063.0,Belén
139,100091.0,Pozo de Piedra
140,100070.0,Corral Quemado
141,100098.0,Puerta de Corral Quemado
142,100077.0,Hualfín
143,100084.0,Londres
144,100105.0,Puerta de San José
145,100126.0,Capayán
146,100133.0,Huillapima
147,100140.0,San Fernando del Valle de Catamarca
148,100147.0,El Alto
149,100154.0,Tapso
150,100161.0,Fray Mamerto Esquiú
151,100175.0,Recreo
152,100168.0,Icaño
153,100182.0,Paclín
154,100185.0,Mutquín
155,100196.0,Saujil
156,100189.0,Pomán
157,100203.0,San José
158,100210.0,Santa María
159,100213.0,Los Altos
160,100217.0,Santa Rosa
161,100231.0,Tinogasta
162,100224.0,Fiambalá
163,100238.0,Valle Viejo
164,142007.0,Amboy
165,142021.0,Cañada del Sauce
166,140049.0,Villa General Belgrano
167,140063.0,Villa Rumipal
168,140070.0,Villa Yacanto
169,140007.0,Embalse
170,140014.0,La Cruz
171,143015.0,La Cumbrecita
172,142028.0,Las Bajadas
173,142035.0,Las Caleras
174,140021.0,Los Cóndores
175,142042.0,Los Molinos
176,142049.0,Los Reartes
177,142056.0,Lutti
178,142014.0,Calmayo
179,140028.0,Río de los Sauces
180,140056.0,San Agustín
181,142063.0,San Ignacio
182,140035.0,Santa Rosa de Calamuchita
183,142070.0,Segunda Usina
184,142084.0,Villa Ciudad Parque los Reartes
185,142077.0,Villa Amancay
186,140042.0,Villa del Dique
187,142091.0,Villa Quillinzo
188,140077.0,Córdoba
189,140084.0,Agua de Oro
190,140126.0,La Granja
191,140147.0,Río Ceballos
192,142105.0,El Manzano
193,140119.0,La Calera
194,140091.0,Colonia Caroya
195,140098.0,Colonia Tirolesa
196,142098.0,Colonia Vicente Agüero
197,140133.0,Malvinas Argentinas
198,140175.0,Villa Allende
199,142112.0,Estación General Paz
200,140112.0,Jesús María
201,140168.0,Unquillo
202,140140.0,Mendiolaza
203,140154.0,Saldán
204,140161.0,Salsipuedes
205,142728.0,Tinoco
206,142126.0,Villa Cerro Azul
207,140105.0,Estación Juárez Celman
208,142133.0,Alto de los Quebrachos
209,142140.0,Bañado de Soto
210,140182.0,Cruz del Eje
211,142154.0,El Brete
212,142161.0,Guanaco Muerto
213,140189.0,San Marcos Sierras
214,142175.0,La Higuera
215,142189.0,Las Playas
216,142819.0,Los Chañaritos
217,142203.0,Media Naranja
218,140196.0,Serrezuela
219,142217.0,Tuclame
220,140203.0,Villa de Soto
221,140217.0,Del Campillo
222,140210.0,Buchardo
223,140224.0,Huinca Renancó
224,140231.0,Italó
225,140245.0,Mattaldi
226,142224.0,Nicolás Bruzzone
227,142231.0,Onagoity
228,142238.0,Pincen
229,142245.0,Ranqueles
230,140238.0,Jovita
231,140252.0,Villa Huidobro
232,141120.0,Villa Sarmiento (S. A.)
233,140259.0,Villa Valeria
234,140273.0,Arroyo Cabral
235,140280.0,Ausonia
236,140287.0,Chazón
237,140294.0,Etruria
238,140301.0,La Laguna
239,140308.0,La Palestina
240,140315.0,La Playosa
241,140322.0,Luca
242,140329.0,Pasco
243,140336.0,Silvio Pellico
244,140343.0,Ticino
245,140350.0,Tío Pujio
246,140357.0,Villa María
247,140364.0,Villa Nueva
248,142259.0,Avellaneda
249,142266.0,Cañada de Río Pinto
250,142273.0,Chuña
251,140371.0,Deán Funes
252,142294.0,Olivares de San Nicolás
253,142287.0,Los Pozos
254,140378.0,Quilino
255,140385.0,Alejandro Roca
256,142308.0,Assunta
257,140399.0,Carnerillo
258,140406.0,Charras
259,142315.0,El Rastreador
260,140413.0,General Cabrera
261,140420.0,General Deheza
262,140427.0,Huanchilla
263,140434.0,La Carlota
264,140441.0,Los Cisnes
265,140448.0,Olaeta
266,142322.0,Pacheco de Melo
267,142329.0,Paso del Durazno
268,140462.0,Santa Eufemia
269,140469.0,Ucacha
270,140455.0,Reducción
271,140476.0,Alejo Ledesma
272,140483.0,Arias
273,140497.0,Capitán General B. O'Higgins
274,140504.0,Cavanagh
275,142336.0,Colonia Barge
276,140511.0,Colonia Italiana
277,140518.0,Corral de Bustos
278,140525.0,Cruz Alta
279,140532.0,General Baldissera
280,140539.0,General Roca
281,140546.0,Guatimozín
282,140553.0,Inriville
283,140560.0,Isla Verde
284,140574.0,Los Surgentes
285,140581.0,Marcos Juárez
286,140588.0,Monte Buey
287,142343.0,Saladillo
288,142357.0,Ciénaga del Coro
289,142364.0,El Chacho
290,142371.0,Estancia de Guadalupe
291,142378.0,Guasapampa
292,142385.0,La Playa
293,140602.0,San Carlos Minas
294,142392.0,Talaini
295,142399.0,Tosno
296,142434.0,Tala Cañada
297,140609.0,Salsacate
298,142427.0,San Gerónimo
299,142441.0,Villa de Pocho
300,140616.0,General Levalle
301,140623.0,La Cesira
302,140630.0,Laboulaye
303,142448.0,Leguizamón
304,140637.0,Melo
305,142455.0,Río Bamba
306,140644.0,Rosales
307,140651.0,Serrano
308,140658.0,Villa Rossi
309,140672.0,Capilla del Monte
310,140665.0,Bialet Massé
311,142476.0,Casa Grande
312,142483.0,Charbonier
313,140679.0,Cosquín
314,142490.0,Cuesta Blanca
315,142497.0,Estancia Vieja
316,140686.0,Huerta Grande
317,140693.0,La Cumbre
318,140700.0,La Falda
319,142511.0,San Antonio de Arredondo
320,140707.0,Los Cocos
321,140721.0,Santa María de Punilla
322,140714.0,San Esteban
323,142525.0,Tala Huasi
324,140728.0,Tanti
325,140735.0,Valle Hermoso
326,140742.0,Villa Carlos Paz
327,140749.0,Villa Giardino
328,142539.0,Villa Santa Cruz del Lago
329,142532.0,Villa Parque Siquiman
330,142546.0,Villa Río Icho Cruz
331,140756.0,Achiras
332,140763.0,Adelia María
333,140770.0,Alcira
334,140777.0,Alpa Corral
335,140791.0,Bulnes
336,140798.0,Chaján
337,142553.0,Chucul
338,140805.0,Coronel Baigorria
339,140812.0,Coronel Moldes
340,140819.0,Elena
341,142560.0,"La Carolina ""El Potosi"""
342,140826.0,La Cautiva
343,140833.0,Las Acequias
344,142567.0,Las Albahacas
345,142574.0,Las Peñas Sud
346,140847.0,Las Vertientes
347,142581.0,Malena
348,140854.0,Monte de los Gauchos
349,140861.0,Río Cuarto
350,140875.0,San Basilio
351,140882.0,Santa Catalina
352,142588.0,Suco
353,140889.0,Tosquita
354,140896.0,Vicuña Mackenna
355,142595.0,Villa el Chacay
356,142602.0,Washington
357,142616.0,Cañada de Machado
358,142623.0,Capilla de los Remedios
359,142651.0,Diego de Rojas
360,142658.0,El Crispín
361,142665.0,Esquina
362,142672.0,Kilómetro 658
363,140903.0,La Para
364,142679.0,La Posta
365,140910.0,La Puerta
366,142686.0,La Quinta
367,142700.0,Las Saladas
368,142707.0,Maquinista Gallini
369,140917.0,Monte Cristo
370,140924.0,Obispo Trejo
371,140931.0,Piquillín
372,142714.0,Plaza de Mercedes
373,142644.0,Comechingones
374,140938.0,Río Primero
375,140945.0,Santa Rosa de Río Primero
376,140952.0,Villa Fontana
377,142735.0,Cerro Colorado
378,142749.0,Eufrasio Loza
379,142756.0,Gütemberg
380,142770.0,Los Hoyos
381,142784.0,Rayo Cortado
382,142791.0,Santa Elena
383,140959.0,Sebastián Elcano
384,142798.0,Villa Candelaria Norte
385,140966.0,Villa de María
386,140973.0,Calchín
387,140987.0,Capilla del Carmen
388,140994.0,Carrilobo
389,141001.0,Colazo
390,142805.0,Colonia Videla
391,141008.0,Costasacate
392,142812.0,Impira
393,141015.0,Laguna Larga
394,141022.0,Las Junturas
395,142196.0,Los Chañaritos (C.D. Eje)
396,141029.0,Luque
397,141036.0,Manfredi
398,141043.0,Matorrales
399,141050.0,Oncativo
400,141057.0,Pilar
401,141064.0,Pozo del Molle
402,142826.0,Rincón
403,141071.0,Río Segundo
404,141078.0,Santiago Temple
405,141085.0,Villa del Rosario
406,142833.0,Ambul
407,142840.0,Arroyo los Patos
408,142847.0,Las Calles
409,142854.0,Las Rabonas
410,141106.0,San Pedro
411,141099.0,Nono
412,142861.0,Panaholma
413,142868.0,San Lorenzo
414,142882.0,Sauce Arriba
415,141113.0,Villa Cura Brochero
416,142252.0,Villa Sarmiento (G.R.)
417,142889.0,Conlara
418,141127.0,La Paz
419,142917.0,Los Hornillos
420,142896.0,La Población
421,142924.0,Luyaba
422,142903.0,Las Tapias
423,142910.0,Los Cerrillos
424,141148.0,Villa de las Rosas
425,141134.0,San Javier y Yacanto
426,141141.0,San José
427,141169.0,Altos de Chipión
428,141183.0,Balnearia
429,141190.0,Brinkmann
430,142945.0,Colonia las Pichanas
431,141197.0,Colonia Marina
432,141204.0,Colonia Prosperidad
433,142959.0,Colonia Valtelina
434,141218.0,Colonia Vignaud
435,141225.0,Devoto
436,141232.0,El Arañado
437,141239.0,El Fortín
438,141246.0,El Tío
439,142966.0,Plaza Luxardo
440,142938.0,Colonia Iturraspe
441,141253.0,Freyre
442,141260.0,La Francia
443,141267.0,La Paquita
444,141274.0,La Tordilla
445,141281.0,Las Varas
446,141288.0,Las Varillas
447,141295.0,Marull
448,141302.0,Miramar
449,141309.0,Morteros
450,141337.0,San Francisco
451,141316.0,Porteña
452,141323.0,Quebracho Herrado
453,141330.0,Sacanta
454,141344.0,Saturnino María Laspiur
455,142973.0,Toro Pujio
456,141358.0,Tránsito
457,142980.0,Villa San Esteban
458,142987.0,Anisacate
459,141393.0,Malagueño
460,142994.0,Bouwer
461,143106.0,Villa Parque Santa Ana
462,141379.0,Despeñaderos
463,143113.0,Villa San Isidro
464,143036.0,La Serranita
465,143043.0,Los Cedros
466,141386.0,Lozada
467,141400.0,Monte Ralo
468,143057.0,Rafael García
469,143064.0,San Clemente
470,141407.0,Toledo
471,143071.0,Valle de Anisacate
472,143078.0,Villa Ciudad de América
473,143085.0,Villa del Prado
474,143099.0,Villa los Aromos
475,143120.0,Caminiaga
476,143134.0,Pozo Nuevo
477,141414.0,San Francisco del Chañar
478,141421.0,Almafuerte
479,141428.0,Colonia Almada
480,141435.0,Corralito
481,141442.0,Dalmacio Vélez
482,143141.0,General Fotheringham
483,141449.0,Hernando
484,141456.0,James Craik
485,143148.0,Las Isletillas
486,141463.0,Las Perdices
487,141470.0,Los Zorros
488,141477.0,Oliva
489,141484.0,Pampayasta Sud
490,141491.0,Río Tercero
491,141505.0,Villa Ascasubi
492,143169.0,Candelaria Sud
493,143176.0,Capilla del Sitón
494,143183.0,La Pampa
495,141519.0,Las Peñas
496,143190.0,Los Mistoles
497,141526.0,Sarmiento
498,143197.0,Simbolar
499,141533.0,Sinsacate
500,143211.0,El Rodeo
501,141547.0,Las Arrias
502,141561.0,San José de la Dormida
503,141575.0,San Pedro Norte
504,141582.0,Villa Tulumba
505,141589.0,Alto Alegre
506,143232.0,Ana Zumarán
507,141596.0,Ballesteros
508,141603.0,Ballesteros Sud
509,141610.0,Bell Ville
510,141617.0,Benjamín Gould
511,141624.0,Canals
512,141631.0,Chilibroste
513,141638.0,Cintra
514,141645.0,Colonia Bismarck
515,143239.0,Colonia Bremen
516,141659.0,Justiniano Posse
517,141666.0,Laborde
518,141673.0,Monte Leña
519,141687.0,Morrison
520,141694.0,Noetinger
521,141701.0,Ordóñez
522,141708.0,Pascanas
523,141715.0,Pueblo Italiano
524,141722.0,San Antonio de Litín
525,141729.0,San Marcos Sud
526,141736.0,Viamonte
527,143246.0,Villa los Patos
528,141743.0,Wenceslao Escalante
529,180007.0,Bella Vista
530,180014.0,Berón de Astrada
531,180021.0,Corrientes
532,180042.0,Concepción
533,180035.0,Colonia Santa Rosa
534,180063.0,Curuzú Cuatiá
535,180049.0,Tabay
536,180070.0,Perugorría
537,180077.0,Empedrado
538,180084.0,Esquina
539,180091.0,Pueblo Libertador
540,180098.0,Alvear
541,180119.0,Itá Ibaté
542,180126.0,Lomas de Vallejos
543,180112.0,Caá Catí
544,180133.0,Palmar Grande
545,180140.0,Goya
546,180147.0,Itatí
547,180154.0,Ramada Paso
548,180161.0,Colonia Liebig'S
549,180168.0,Ituzaingó
550,180182.0,San Carlos
551,180186.0,Villa Olivari
552,180189.0,Cruz de los Milagros
553,180196.0,Gobernador Martínez
554,180203.0,Lavalle
555,180210.0,Santa Lucía
556,180217.0,Yataytí Calle
557,180224.0,Mburucuyá
558,180231.0,Felipe Yofré
559,180238.0,Mariano I. Loza
560,180245.0,Mercedes
561,180252.0,Colonia Libertad
562,180259.0,Juan Pujol
563,180266.0,Mocoretá
564,180273.0,Monte Caseros
565,180280.0,Bonpland
566,180294.0,Paso de los Libres
567,180301.0,Tapebicuá
568,180308.0,Saladas
569,180315.0,San Lorenzo
570,180336.0,Santa Ana
571,180322.0,Paso de la Patria
572,180329.0,San Cosme
573,180350.0,San Luis del Palmar
574,180357.0,Colonia Carlos Pellegrini
575,180364.0,Guaviraví
576,180371.0,La Cruz
577,180378.0,Yapeyú
578,180385.0,Loreto
579,180392.0,San Miguel
580,180413.0,Chavarría
581,180417.0,Colonia Pando
582,180399.0,9 de Julio
583,180406.0,Pedro R. Fernández
584,180420.0,San Roque
585,180441.0,Jose Rafael Gomez
586,180427.0,Garruchos
587,180434.0,Gobernador Ing. Valentín Virasoro
588,180448.0,Santo Tomé
589,180455.0,Sauce
590,220007.0,Concepción del Bermejo
591,220014.0,Los Frentones
592,220021.0,Pampa del Infierno
593,220028.0,Taco Pozo
594,220042.0,Isla del Cerrito
595,220056.0,Las Palmas
596,220063.0,Puerto Bermejo
597,220077.0,Presidencia Roque Sáenz Peña
598,220084.0,Charata
599,220091.0,Gancedo
600,220098.0,General Capdevila
601,220112.0,Hermoso Campo
602,220119.0,Chorotis
603,220126.0,Santa Sylvina
604,220140.0,La Escondida
605,220154.0,La Verde
606,220147.0,Lapachito
607,220161.0,Makallé
608,220203.0,Villa Río Bermejito
609,220168.0,El Sauzalito
610,220175.0,Fuerte Esperanza
611,220182.0,Juan José Castelli
612,220189.0,Miraflores
613,220169.0,Misión Nueva Pompeya
614,220210.0,Avia Terai
615,220217.0,Campo Largo
616,220224.0,Napenay
617,220231.0,Colonia Popular
618,220254.0,Puerto Tirol
619,220238.0,Laguna Blanca
620,220252.0,Ciervo Petiso
621,220266.0,La Eduvigis
622,220273.0,Laguna Limpia
623,220280.0,Pampa Almirón
624,220287.0,Pampa del Indio
625,220294.0,Presidencia Roca
626,220308.0,Coronel Du Graty
627,220315.0,Enrique Urien
628,220322.0,Villa Ángela
629,220329.0,Las Breñas
630,220336.0,La Clotilde
631,220350.0,San Bernardo
632,220357.0,Presidencia de la Plaza
633,220371.0,Margarita Belén
634,220378.0,Quitilipi
635,220385.0,Barranqueras
636,220392.0,Basail
637,220413.0,Resistencia
638,220399.0,Fontana
639,220406.0,Puerto Vilelas
640,220427.0,Villa Berthet
641,220434.0,Capitán Solari
642,220441.0,Colonias Elisa
643,220448.0,Colonias Unidas
644,220455.0,Las Garcitas
645,220469.0,Charadai
646,220462.0,Cote Lai
647,220476.0,Machagai
648,260007.0,Puerto Madryn
649,260028.0,El Maitén
650,260014.0,Cholila
651,268014.0,Cushamen
652,260021.0,El Hoyo
653,265007.0,Gualjaina
654,260042.0,Lago Puelo
655,260056.0,Rada Tilly
656,260063.0,Camarones
657,260084.0,Trevelín
658,260070.0,Corcovado
659,260077.0,Esquel
660,268028.0,Dique Florentino Ameghino
661,260091.0,Dolavon
662,265014.0,28 de Julio
663,268035.0,Gastre
664,268056.0,Carrenleufú
665,268063.0,Colan Conhué
666,268070.0,Paso del Sapo
667,260105.0,Tecka
668,268077.0,Las Plumas
669,268084.0,Los Altares
670,265021.0,Paso de Indios
671,260112.0,Rawson
672,260119.0,Trelew
673,260126.0,Alto Río Senguer
674,268098.0,Doctor Ricardo Rojas
675,268105.0,Facundo
676,260133.0,Río Mayo
677,268119.0,Buen Pasto
678,260140.0,Sarmiento
679,260147.0,Gobernador Costa
680,260154.0,José de San Martín
681,268126.0,Gan Gan
682,340007.0,Laguna Yema
683,345007.0,Los Chiriguanos
684,340028.0,Formosa
685,345021.0,Gran Guardia
686,345028.0,San Hilario
687,340049.0,General Lucio Victorio Mansilla
688,340056.0,Herradura
689,340063.0,Misión San Francisco de Laishí
690,340070.0,Villa Escolar
691,340077.0,Ingeniero Guillermo N. Juárez
692,340098.0,Estanislao del Campo
693,345042.0,Fortín Lugones
694,340126.0,Ibarreta
695,340133.0,Las Lomitas
696,340140.0,Pozo del Tigre
697,340147.0,San Martín Dos
698,345049.0,Subteniente Perín
699,340119.0,General Güemes
700,340112.0,General Belgrano
701,345056.0,Buena Vista
702,340168.0,Espinillo
703,340175.0,Misión Taacaglé
704,349105.0,Portón Negro
705,345063.0,Tres Lagunas
706,340189.0,Clorinda
707,340169.0,Laguna Blanca
708,340203.0,Laguna Naik Neck
709,340210.0,Riacho He-He
710,345070.0,Siete Palmas
711,340231.0,Mayor Vicente E. Villafañe
712,340224.0,El Colorado
713,340238.0,Palo Santo
714,340245.0,Pirané
715,340252.0,Villa Dos Trece
716,340259.0,General Mosconi
717,386007.0,Abdón Castro Tolay
718,380014.0,Abra Pampa
719,386014.0,Abralaite
720,386021.0,Puesto del Marqués
721,386035.0,Aguas Calientes
722,380063.0,Monterrico
723,380077.0,Perico
724,380056.0,El Carmen
725,386049.0,Puesto Viejo
726,386042.0,Pampa Blanca
727,380035.0,San Salvador de Jujuy
728,386028.0,Yala
729,386063.0,Tres Cruces
730,380147.0,Yuto
731,380126.0,Calilegua
732,380119.0,Caimancito
733,380133.0,Fraile Pintado
734,380140.0,Libertador General San Martín
735,380154.0,Palpalá
736,386077.0,Rinconada
737,386070.0,Mina Pirquitas
738,386140.0,Cusi Cusi
739,386084.0,San Antonio
740,380224.0,San Pedro de Jujuy
741,386112.0,Rosario de Río Grande
742,380196.0,La Esperanza
743,380203.0,La Mendieta
744,380238.0,El Talar
745,386133.0,Cieneguillas
746,386154.0,Catua
747,386161.0,Coranzuli
748,386168.0,Susques
749,380329.0,Tilcara
750,386203.0,Volcán
751,386189.0,Purmamarca
752,386210.0,Caspalá
753,386224.0,San Francisco
754,386245.0,Barrios
755,386252.0,Cangrejillos
756,386259.0,El Cóndor
757,386266.0,Pumahuasi
758,380406.0,La Quiaca
759,386273.0,Yavi
760,420112.0,Doblas
761,420231.0,Macachín
762,420259.0,Miguel Riglos
763,420364.0,Tomás Manuel Anchorena
764,420189.0,La Adela
765,420028.0,Anguil
766,420336.0,Santa Rosa
767,420077.0,Catriló
768,420378.0,Uriburu
769,420098.0,Conhelo
770,420119.0,Eduardo Castex
771,420238.0,Mauricio Mayer
772,420266.0,Monte Nievas
773,425133.0,Rucanelo
774,425070.0,Gobernador Duval
775,420280.0,Puelches
776,420329.0,Santa Isabel
777,420049.0,Bernardo Larroude
778,420084.0,Ceballos
779,420105.0,Coronel Hilario Lagos
780,420175.0,Intendente Alvear
781,425140.0,Sarah
782,420392.0,Vértiz
783,420011.0,Algarrobo del Águila
784,420014.0,Alpachiri
785,420140.0,General Campos
786,420161.0,Guatraché
787,425105.0,Perú
788,420343.0,Santa Teresa
789,420007.0,Abramo
790,420056.0,Bernasconi
791,420182.0,Jacinto Arauz
792,425042.0,Cuchillo Có
793,425077.0,La Reforma
794,425084.0,Limay Mahuida
795,420070.0,Carro Quemado
796,425091.0,Loventué
797,420224.0,Luan Toro
798,420350.0,Telén
799,425014.0,Agustoni
800,420116.0,Dorila
801,420147.0,General Pico
802,425147.0,Speluzzi
803,422007.0,Casa de Piedra
804,420287.0,Puelén
805,420385.0,Veinticinco de Mayo
806,420091.0,Colonia Barón
807,420252.0,Miguel Cané
808,425126.0,Relmo
809,420406.0,Villa Mirasol
810,420210.0,La Maruja
811,420273.0,Parera
812,425112.0,Pichi Huinca
813,425119.0,Quetrequén
814,420308.0,Rancul
815,425007.0,Adolfo Van Praet
816,420021.0,Alta Italia
817,420126.0,Embajador Martini
818,425063.0,Falucho
819,420168.0,Ingeniero Luiggi
820,420315.0,Realicó
821,420357.0,Toay
822,420042.0,Ataliva Roca
823,420035.0,Arata
824,420245.0,Metileo
825,425028.0,Colonia Santa María
826,460007.0,Arauco
827,460014.0,Capital
828,460021.0,Castro Barros
829,460028.0,Coronel Felipe Varela
830,425049.0,Chacharramendi
831,460042.0,Chilecito
832,460056.0,General Ángel Vicente Peñaloza
833,460077.0,General Lamadrid
834,460084.0,General Ocampo
835,460098.0,Vinchina
836,460112.0,Rosario Vera Peñaloza
837,460126.0,Sanagasta
838,500007.0,Capital
839,500014.0,General Alvear
840,500021.0,Godoy Cruz
841,500028.0,Guaymallén
842,500042.0,La Paz
843,500063.0,Luján de Cuyo
844,500056.0,Lavalle
845,500070.0,Maipú
846,500077.0,Malargüe
847,500084.0,Rivadavia
848,500098.0,San Martín
849,500105.0,San Rafael
850,500112.0,Santa Rosa
851,500126.0,Tupungato
852,540007.0,Apóstoles
853,540014.0,Azara
854,540021.0,San José
855,540035.0,Aristóbulo del Valle
856,540042.0,Campo Grande
857,540049.0,Dos de Mayo
858,540063.0,Candelaria
859,540070.0,Cerro Corá
860,540084.0,Mártires
861,540091.0,Profundidad
862,540098.0,Santa Ana
863,540119.0,Posadas
864,540126.0,Concepción de la Sierra
865,540133.0,Santa María
866,540140.0,Colonia Delicia
867,540161.0,9 de Julio
868,540182.0,Comandante A. Guacurary
869,540175.0,Bernardo de Irigoyen
870,540189.0,San Antonio
871,540196.0,El Soberbio
872,540203.0,San Vicente
873,540231.0,Colonia Wanda
874,540238.0,Almafuerte
875,540245.0,Arroyo del Medio
876,540259.0,Cerro Azul
877,540266.0,Dos Arroyos
878,540273.0,Gobernador López
879,540280.0,Leandro N. Alem
880,540287.0,Olegario V. Andrade
881,540294.0,Capioví
882,540322.0,Puerto Rico
883,540301.0,El Alcázar
884,540308.0,Garuhapé
885,540315.0,Leoni
886,540343.0,Montecarlo
887,540336.0,Caraguatay
888,540371.0,Colonia Alberdi
889,540357.0,Campo Ramón
890,540364.0,Campo Viera
891,540399.0,Oberá
892,540378.0,Gral. Alvear
893,540406.0,Panambí
894,540413.0,San Martín
895,540469.0,Santo Pipo
896,540420.0,Colonia Polana
897,540427.0,Corpus
898,540462.0,San Ignacio
899,540434.0,General J. J. Urquiza
900,540441.0,Gobernador Roca
901,540448.0,Hipólito Irigoyen
902,540483.0,Itacaruaré
903,540497.0,San Javier
904,540511.0,Alba Posse
905,540518.0,Colonia Aurora
906,540525.0,25 de Mayo
907,580007.0,Aluminé
908,580252.0,Villa Pehuenia
909,585014.0,Aguada San Roque
910,580028.0,Las Coloradas
911,585035.0,Santo Tomás
912,580091.0,Vista Alegre
913,580042.0,Centenario
914,580049.0,Cutral Có
915,580084.0,Villa el Chocón
916,580063.0,Plaza Huincul
917,580070.0,Plottier
918,580098.0,Chos Malal
919,580105.0,Tricao Malal
920,580119.0,San Martín de los Andes
921,585063.0,Chorriaca
922,580126.0,Loncopué
923,580133.0,Villa la Angostura
924,585070.0,Villa Traful
925,580140.0,Andacollo
926,580147.0,Huinganco
927,580154.0,Las Ovejas
928,580161.0,Los Miches
929,585084.0,Manzano Amargo
930,585091.0,Varvarco - Invernada Vieja
931,585098.0,Villa del Nahueve
932,580196.0,Barrancas
933,580203.0,Buta Ranquil
934,585105.0,Octavio Pico
935,580210.0,Rincón de los Sauces
936,585112.0,El Sauce
937,580217.0,Picún Leufú
938,580224.0,Bajada del Agrio
939,585126.0,Quili Malal
940,585140.0,Los Catutos
941,580238.0,Mariano Moreno
942,580245.0,Zapala
943,620014.0,Viedma
944,625014.0,San Javier
945,620021.0,Chimpay
946,620028.0,Choele Choel
947,620035.0,Coronel Belisle
948,620049.0,Lamarque
949,620056.0,Luis Beltran
950,620063.0,Pomona
951,620070.0,El Bolson
952,625028.0,El Manso
953,620084.0,Gral. Conesa
954,625077.0,Aguada Guzman
955,620133.0,Cipolletti
956,625070.0,Mencuen
957,625112.0,Valle Azul
958,620140.0,Contralmirante Cordero
959,620154.0,Gral. Fdez. Oro
960,625105.0,Peñas Blancas
961,620098.0,Campo Grande
962,620112.0,Cervantes
963,620168.0,Ingeniero Huergo
964,620119.0,Chichinales
965,620182.0,Villa Regina
966,620126.0,Cinco Saltos
967,620147.0,Gral. Enrique Godoy
968,625210.0,Comico
969,625161.0,Cona Niyeu
970,620189.0,Ministro Ramos Mexia
971,625119.0,Rincon de Treneta
972,620224.0,Pilcaniyeu
973,625238.0,Mamuel Choique
974,620203.0,Ñorquinco
975,620210.0,Rìo Colorado
976,620273.0,Dina Huapi
977,625140.0,Pilquiniyeu del Limay
978,625042.0,Villa Llanquin
979,625147.0,Arroyo los Berros
980,620245.0,Valcheta
981,625196.0,Aguada de Guerra
982,625217.0,Clemente Onelli
983,625203.0,Colan Conhué
984,625224.0,El Cain
985,620252.0,Ing. Jacobacci
986,620259.0,Los Menucos
987,620266.0,Maquinchao
988,660007.0,Apolinario Saravia
989,660028.0,Joaquín V. González
990,660014.0,El Quebrachal
991,660021.0,General Pizarro
992,660035.0,Las Lajitas
993,660042.0,Cachi
994,660049.0,Payogasta
995,660056.0,Cafayate
996,660070.0,San Lorenzo
997,660063.0,Salta
998,660077.0,Cerrillos
999,660091.0,Chicoana
1000,660098.0,El Carril
1001,660112.0,El Bordo
1002,660119.0,General Güemes
1003,660126.0,Aguaray
1004,660147.0,General Mosconi
1005,660133.0,Embarcación
1006,660154.0,Profesor Salvador Mazza
1007,660161.0,Tartagal
1008,660168.0,Guachipas
1009,660189.0,La Caldera
1010,660196.0,Vaqueros
1011,660210.0,El Tala
1012,660217.0,La Candelaria
1013,660224.0,La Poma
1014,660238.0,La Viña
1015,660231.0,Coronel Moldes
1016,660252.0,Tolar Grande
1017,660259.0,El Galpón
1018,660280.0,Río Piedras
1019,660266.0,Metán
1020,660273.0,Molinos
1021,660287.0,Seclantás
1022,660301.0,Hipólito Yrigoyen
1023,660308.0,Pichanal
1024,660322.0,Urundel
1025,660343.0,Santa Victoria Este
1026,660329.0,Rivadavia Banda Norte
1027,660336.0,Rivadavia Banda Sur
1028,660350.0,El Potrero
1029,660357.0,Rosario de la Frontera
1030,660364.0,Campo Quijano
1031,660371.0,Rosario de Lerma
1032,660378.0,Angastaco
1033,660392.0,San Carlos
1034,660406.0,Nazareno
1035,660399.0,Los Toldos
1036,700021.0,Calingasta
1037,700028.0,San Juan
1038,700035.0,Caucete
1039,700042.0,Chimbas
1040,700049.0,Iglesia
1041,700056.0,Jáchal
1042,700063.0,9 de Julio
1043,700070.0,Pocito
1044,700077.0,Rawson
1045,700098.0,Santa Lucía
1046,700119.0,Valle Fértil
1047,700126.0,25 de Mayo
1048,746007.0,Leandro N. Alem
1049,740021.0,Quines
1050,740028.0,San Francisco
1051,746014.0,La Calera
1052,746021.0,Nogoli
1053,746028.0,"V, de la Quebrada"
1054,746049.0,Fraga
1055,740042.0,La Toma
1056,740049.0,Concaran
1057,746070.0,Cortaderas
1058,740056.0,Naschel
1059,746077.0,Papagayos
1060,746084.0,Renca
1061,746091.0,San Pablo
1062,740063.0,Tilisarao
1063,746126.0,Juan Llerena
1064,746133.0,La Punilla
1065,746112.0,San Jose del Morro
1066,740077.0,Villa Mercedes
1067,746147.0,Anchorena
1068,746154.0,Arizona
1069,746161.0,Bagual
1070,746168.0,Batavia
1071,740084.0,Buena Esperanza
1072,749175.0,Fortin el Patria
1073,749182.0,Fortuna
1074,746196.0,Nueva Galia
1075,746203.0,Carpinteria
1076,746210.0,Lafinur
1077,746217.0,Los Molles
1078,740098.0,Sta Rosa del Conlara
1079,746224.0,Talita
1080,746238.0,Alto Pencoso
1081,746252.0,Beazley
1082,746280.0,Zanjitas
1083,740108.0,Desaguadero
1084,746259.0,El Volcan
1085,746273.0,San Jeronimo
1086,740133.0,San Luis
1087,746287.0,Las Vertientes
1088,746301.0,Las Chacras
1089,746308.0,Las Lagunas
1090,746315.0,Paso Grande
1091,740140.0,San Martin
1092,746322.0,"V, de Praga"
1093,820007.0,Armstrong
1094,822007.0,Bouquet
1095,820014.0,Las Parejas
1096,822014.0,Montes de Oca
1097,822028.0,Arequito
1098,822035.0,Arteaga
1099,822042.0,Berabevú
1100,822049.0,Bigand
1101,822056.0,Chabas
1102,822063.0,Chañar Ladeado
1103,822070.0,Gödeken
1104,822091.0,San José de la Esquina
1105,822084.0,Los Quirquinchos
1106,822098.0,Sanford
1107,822105.0,Villada
1108,822147.0,Colonia Aldao
1109,822119.0,Ataliva
1110,822126.0,Aurelia
1111,822280.0,Josefina
1112,822140.0,Bella Italia
1113,822168.0,Castellanos
1114,822154.0,Colonia Bicha
1115,822175.0,Colonia Cello
1116,822189.0,Colonia Margarita
1117,822196.0,Colonia Raquel
1118,822203.0,Coronel Fraga
1119,822210.0,Egusquiza
1120,822217.0,Esmeralda
1121,822224.0,Estación Clucellas
1122,822336.0,Saguier
1123,822231.0,Eusebia y Carolina
1124,822238.0,Eustolia
1125,822259.0,Garibaldi
1126,822273.0,Humberto Primo
1127,822287.0,Lehmann
1128,822294.0,María Juana
1129,822329.0,Ramona
1130,822343.0,San Antonio
1131,822350.0,San Vicente
1132,822357.0,Santa Clara de Saguier
1133,820049.0,Sunchales
1134,822364.0,Susana
1135,822399.0,Virginia
1136,822406.0,Zenón Pereyra
1137,820056.0,Villa Constitución
1138,822490.0,Pavón
1139,822427.0,Cañada Rica
1140,822434.0,Cepeda
1141,822441.0,Empalme Villa Constitución
1142,820063.0,Firmat
1143,822448.0,General Gelly
1144,822462.0,Juan Bernabé Molina
1145,822469.0,Juncal
1146,822483.0,M9Ximo Paz
1147,822504.0,Peyrano
1148,822511.0,Rueda
1149,822518.0,Santa Teresa
1150,822525.0,Sargento Cabral
1151,822567.0,Santa Rosa de Calchines
1152,822560.0,Saladero Mariano Cabal
1153,822574.0,Aarón Castellanos
1154,822581.0,Amenábar
1155,822588.0,Cafferata
1156,822595.0,Cañada del Ucle
1157,822602.0,Carmen
1158,822609.0,Carreras
1159,822616.0,Chapuy
1160,822623.0,Chovet
1161,822637.0,Diego de Alvear
1162,822644.0,Elortondo
1163,822658.0,La Chispa
1164,822665.0,Labordeboy
1165,822672.0,Lazzarino
1166,822679.0,Maggiolo
1167,822686.0,María Teresa
1168,822693.0,Melincué
1169,822700.0,Miguel Torres
1170,822707.0,Murphy
1171,820070.0,Rufino
1172,822721.0,San Francisco de Santa Fe
1173,822728.0,San Gregorio
1174,822742.0,Santa Isabel
1175,822749.0,Teodelina
1176,820277.0,Venado Tuerto
1177,822756.0,Wheelwright
1178,822763.0,Arroyo Ceibal
1179,820091.0,Avellaneda
1180,822784.0,El Rabón
1181,822798.0,Florencia
1182,822805.0,Guadalupe Norte
1183,822812.0,Ingeniero Chanourdie
1184,822826.0,Lanteri
1185,822833.0,Las Garzas
1186,820098.0,Las Toscas
1187,822840.0,Los Laureles
1188,820105.0,Malabrigo
1189,820112.0,Reconquista
1190,822854.0,San Antonio de Obligado
1191,822861.0,Tacuarendí
1192,820126.0,Cañada de Gómez
1193,822889.0,Carrizales
1194,822896.0,Clason
1195,822903.0,Correa
1196,822917.0,Oliveros
1197,822924.0,Pueblo Andino
1198,822931.0,Salto Grande
1199,822938.0,Serodino
1200,823001.0,Monte Vera
1201,822952.0,Arroyo Aguiar
1202,822959.0,Arroyo Leyes
1203,822966.0,Cabal
1204,822987.0,Emilia
1205,820147.0,Santa Fe
1206,820154.0,Santo Tomé
1207,823050.0,Cululú
1208,823064.0,Empalme San Carlos
1209,820161.0,Esperanza
1210,823071.0,Felicia
1211,823085.0,Grutly
1212,823099.0,Humboldt
1213,823113.0,Jacinto L. Arauz
1214,823134.0,María Luisa
1215,823148.0,Nuevo Torino
1216,823155.0,Pilar
1217,823162.0,Progreso
1218,823190.0,Sa Pereyra
1219,820168.0,San Carlos Centro
1220,823211.0,San Carlos Sud
1221,823218.0,San Jerónimo del Sauce
1222,823225.0,San Jerónimo Norte
1223,823232.0,San Mariano
1224,823260.0,Santo Domingo
1225,823288.0,Gato Colorado
1226,823295.0,Gregoria Pérez de Denis
1227,823309.0,Logroño
1228,823330.0,San Bernardo
1229,823337.0,Santa Margarita
1230,820175.0,Tostado
1231,823372.0,Alvear
1232,820182.0,Arroyo Seco
1233,823393.0,Coronel Bogado
1234,823470.0,Coronel Domínguez
1235,823400.0,Fighiera
1236,820189.0,Funes
1237,823407.0,General Lagos
1238,823414.0,Ibarlucea
1239,823421.0,Piñero
1240,820203.0,Pérez
1241,823435.0,Pueblo Muñoz
1242,823449.0,Uranga
1243,823442.0,Soldini
1244,823463.0,Zavalla
1245,823477.0,Aguará Grande
1246,823484.0,Ambrosetti
1247,823491.0,Arrufo
1248,823554.0,Huanqueros
1249,820224.0,Ceres
1250,823505.0,Colonia Ana
1251,823512.0,Colonia Bossi
1252,823519.0,Colonia Rosa
1253,823533.0,Curupaity
1254,823547.0,Hersilia
1255,823561.0,La Cabral
1256,823582.0,La Rubia
1257,823589.0,Las Avispas
1258,823596.0,Las Palmeras
1259,823631.0,Palacios
1260,820231.0,San Cristóbal
1261,823645.0,San Guillermo
1262,823659.0,Soledad
1263,823666.0,Suardi
1264,823687.0,Alejandra
1265,823694.0,Cacique Ariacaiquín
1266,820238.0,San Javier
1267,823722.0,Arocena
1268,823729.0,Barrancas
1269,823764.0,Desvío Arijón
1270,823736.0,Bernardo de Irigoyen
1271,823750.0,Casalegno
1272,823757.0,Centeno
1273,823771.0,Díaz
1274,820252.0,Gálvez
1275,823785.0,Gessler
1276,823799.0,Larrechea
1277,823813.0,López
1278,823834.0,San Eugenio
1279,820256.0,San Genaro
1280,823862.0,Angeloni
1281,823869.0,Cayastacito
1282,823876.0,Colonia Dolores
1283,823890.0,Gobernador Crespo
1284,823911.0,La Penca y Caraguatá
1285,823925.0,Naré
1286,823932.0,Pedro Gómez Cello
1287,823946.0,San Bernardo
1288,823960.0,Silva
1289,823967.0,Vera y Pintado
1290,823974.0,Videla
1291,823981.0,Aldao
1292,820273.0,Carcarañá
1293,820280.0,Fray Luis Beltrán
1294,823995.0,Fuentes
1295,824016.0,Ricardone
1296,820294.0,Roldán
1297,824023.0,San Jerónimo Sud
1298,820301.0,San Lorenzo
1299,824030.0,Timbúes
1300,824058.0,Casas
1301,824065.0,Castelar
1302,824072.0,Colonia Belgrano
1303,824079.0,Crispi
1304,820308.0,El Trébol
1305,824086.0,Landeta
1306,824093.0,Las Bandurrias
1307,824100.0,Las Petacas
1308,824107.0,Los Cardos
1309,824114.0,María Susana
1310,824121.0,Piamonte
1311,820315.0,San Jorge
1312,824128.0,San Mart
1313,820322.0,Sastre
1314,824135.0,Traill
1315,824170.0,Intiyaco
1316,824149.0,Fortín Olmos
1317,824163.0,Golondrina
1318,824177.0,La Gallareta
1319,824184.0,Los Amores
1320,824191.0,Margarita
1321,820336.0,Vera
1322,824205.0,Toba
1323,908021.0,El Naranjo y el Sunchal
1324,908014.0,El Chañar
1325,908042.0,Garmendia
1326,908056.0,La Ramada y la Cruz
1327,908007.0,7 de Abril
1328,900007.0,Municipalidad de Burruyacu
1329,900028.0,Municipalidad de Banda del Rio Sali
1330,908133.0,Los Perez
1331,908091.0,El Bracho y el Cevilar
1332,908105.0,La Florida y Luisiana
1333,908112.0,Las Cejas
1334,908147.0,Ranchillos y San Miguel
1335,908168.0,Alto Verde y los Guchea
1336,908175.0,Arcadia
1337,908189.0,Trinidad
1338,908196.0,Medina
1339,900042.0,Municipalidad de Famailla
1340,900049.0,Municipalidad de Graneros
1341,908203.0,Lamadrid
1342,908210.0,Taco Ralo
1343,900056.0,Municipalidad de Juan Bautista Alberdi
1344,908427.0,Santa Lucia
1345,908441.0,Soldado Maldonado
1346,908455.0,Villa Quinteros
1347,908483.0,Santa Ana
1348,900014.0,Municipalidad de San Miguel De Tucuman
1349,908518.0,Monteagudo
1350,908532.0,Rio Chico y Nueva Trinidad
1351,900098.0,Municipalidad de Simoca
1352,908259.0,San Jose de la Cocha
1353,900070.0,Municipalidad de Bella Vista
1354,908315.0,Los Puestos
1355,908322.0,Manuel Garcia Fernandez
1356,908357.0,El Manantial
1357,908371.0,San Pablo y Villa Nougues
1358,908378.0,Acheral
1359,900084.0,Municipalidad de Monteros
1360,908420.0,Rio Seco
1361,908553.0,Villa de Chicligasta
1362,908567.0,Amaicha del Valle
1363,908574.0,Colalao del Valle
1364,908581.0,El Mollar
1365,900105.0,Municipalidad de Tafi del Valle
1366,900119.0,Municipalidad de Tafi Viejo
1367,900112.0,Municipalidad de las Talitas
1368,908630.0,San Pedro de Colalao
1369,900126.0,Municipalidad de Trancas
1370,908560.0,Municipalidad de Yerba Buena
1371,908644.0,Cevil Redondo
1372,940007.0,Río Grande
1373,942007.0,Tolhuin
1374,580077.0,Senillosa
1375,585119.0,Paso Aguerre
1376,660315.0,San Ramón de la Nueva Orán
1377,700133.0,Zonda
1378,746042.0,El Trapiche
1379,740073.0,Ranqueles
1380,740105.0,Merlo
1381,820035.0,Frontera
1382,822308.0,Plaza Clucellas
1383,822553.0,Helvecia
1384,823008.0,Nelson
1385,823022.0,San José del Rincón
1386,823386.0,Carmen del Sauce
1387,820266.0,Capitán Bermúdez
1388,620217.0,Comallo
1389,822882.0,Bustinza
1390,820196.0,Granadero Baigorria
1391,900035.0,Municipalidad de Concepcion
1392,823197.0,San Agustín
1393,822077.0,Los Molinos
1394,625266.0,Rio Chico
1395,625252.0,Pilquiniyeu
1396,60224.0,Chivilcoy
1397,60469.0,Lincoln
1398,60497.0,Luján
1399,60532.0,Mercedes
1400,60616.0,Pellegrini
1401,60875.0,Villarino
1402,142147.0,Cruz de Caña
1403,140392.0,Bengolea
1404,140567.0,Leones
1405,140595.0,Saira
1406,142462.0,San Joaquín
1407,142469.0,Cabalango
1408,140784.0,Berrotarán
1409,140980.0,Calchín Oeste
1410,142875.0,San Vicente
1411,141155.0,Villa Dolores
1412,142952.0,Colonia San Pedro
1413,141351.0,Seeber
1414,141372.0,Alta Gracia
1415,143001.0,Dique Chico
1416,143008.0,Falda del Carmen
1417,143022.0,La Paisanita
1418,143092.0,Villa la Bolsa
1419,143155.0,Pampayasta Norte
1420,143162.0,Punta del Agua
1421,141512.0,Cañada de Luque
1422,141554.0,Lucio V. Mansilla
1423,143225.0,Aldea Santa María
1424,141652.0,Idiazabal
1425,141680.0,Monte Maíz
1426,180056.0,Tatacuá
1427,180137.0,Carolina
1428,180175.0,San Antonio
1429,180287.0,Parada Pucheta
1430,220035.0,General Vedia
1431,220105.0,General Pinedo
1432,220259.0,Gral. San Martengeneral San Martín
1433,220301.0,Tres Isletas
1434,220343.0,La Tigra
1435,260049.0,Comodoro Rivadavia
1436,268091.0,Aldea Beleiro
1437,345014.0,Colonia Pastoril
1438,340091.0,Comandante Fontana
1439,386056.0,Hipólito Yrigoyen
1440,386091.0,Arrayanal
1441,386105.0,Rodeíto
1442,380252.0,Santa Clara
1443,386126.0,Vinalito
1444,386175.0,Huacalera
1445,386196.0,Tumbaya
1446,386217.0,Pampichuela
1447,386238.0,Valle Grande
1448,420322.0,Rolón
1449,420413.0,Winifreda
1450,420154.0,General San Martín
1451,420399.0,Victorica
1452,420063.0,Caleufú
1453,420371.0,Trenel
1454,420133.0,General Acha
1455,420294.0,Quehué
1456,425154.0,Unanue
1457,460035.0,Chamical
1458,460070.0,General Juan Facundo Quiroga
1459,460105.0,Independencia
1460,460119.0,San Blas de los Sauces
1461,500035.0,Junín
1462,500119.0,Tunuyán
1463,540056.0,Bonpland
1464,540147.0,Colonia Victoria
1465,540168.0,Santiago de Liniers
1466,540210.0,Puerto Esperanza
1467,540224.0,Libertad
1468,540217.0,Iguazú
1469,540329.0,Ruiz de Montoya
1470,540350.0,Puerto Piray
1471,540385.0,Guaraní
1472,580014.0,Añelo
1473,580021.0,San Patricio del Chañar
1474,580035.0,Piedra del Águila
1475,580056.0,Neuquén
1476,585056.0,Villa Curi Leuvú
1477,580168.0,Caviahue-Copahue
1478,580182.0,El Huecú
1479,620007.0,Guardia Mitre
1480,620091.0,Allen
1481,625098.0,Naupa Huen
1482,620175.0,Mainque
1483,620105.0,Catriel
1484,625259.0,Prahuaniyeu
1485,625231.0,Laguna Blanca
1486,620231.0,San Antonio Oeste
1487,620238.0,Sierra Grande
1488,625182.0,Nahuel Niyeu
1489,660084.0,La Merced
1490,660105.0,Campo Santo
1491,660182.0,Isla de Cañas
1492,660203.0,El Jardín
1493,660385.0,Animaná
1494,660413.0,Santa Victoria Oeste
1495,700007.0,Albardón
1496,700014.0,Angaco
1497,700084.0,Rivadavia
1498,700091.0,San Martín
1499,700105.0,Sarmiento
1500,700112.0,Ullum
1501,740014.0,Lujan
1502,746035.0,Carolina
1503,746063.0,Saladillo
1504,746098.0,Villa del Carmen
1505,746105.0,Villa Larca
1506,746140.0,Lavaisse
1507,746189.0,Navia
1508,740091.0,Union
1509,746266.0,P. de los Funes
1510,746294.0,Las Aguadas
1511,822021.0,Tortugas
1512,820028.0,Casilda
1513,822112.0,Angélica
1514,822322.0,Pueblo Marini
1515,822385.0,Vila
1516,822420.0,Bombal
1517,822455.0,Godoy
1518,822476.0,La Vanguardia
1519,822497.0,Pavón Arriba
1520,822532.0,Theobald
1521,822630.0,Christophersen
1522,822714.0,San Eduardo
1523,820084.0,Villa Cañás
1524,820133.0,Totoras
1525,820140.0,Laguna Paiva
1526,820144.0,Recreo
1527,823078.0,Franck
1528,823141.0,Matilde
1529,823316.0,Montefiore
1530,823323.0,Pozo Borrado
1531,823344.0,Villa Minetti
1532,823358.0,Albarellos
1533,823379.0,Arminda
1534,823428.0,Pueblo Esther
1535,823575.0,La Lucila
1536,823603.0,Moisés Ville
1537,823610.0,Monigotes
1538,823673.0,Villa Saralegui
1539,823701.0,Colonia Durán
1540,823715.0,Romang
1541,820245.0,Coronda
1542,823792.0,Pueblo Irigoyen
1543,823806.0,Loma Alta
1544,823820.0,Maciel
1545,823883.0,Esther
1546,823918.0,Marcelino Escalada
1547,820259.0,San Justo
1548,823953.0,San Mart
1549,823988.0,Coronel Arnold
1550,824002.0,Luis Palacios
1551,824009.0,Pujato
1552,824044.0,Cañada Rosquín
1553,824051.0,Carlos Pellegrini
1554,820329.0,Calchaquí
1555,908049.0,Gdor. Piedrabuena
1556,908063.0,Benjamin Araoz y el Tajamar
1557,908077.0,Colombres
1558,908084.0,Delfin Gallo
1559,908140.0,Los Ralos
1560,908154.0,San Andres
1561,908434.0,Sargento Moya
1562,900063.0,Municipalidad de la Cocha
1563,900077.0,Municipalidad de Lules
1564,908392.0,Capitan Caceres
1565,908616.0,Los Nogales
1566,908602.0,El Cadillal
1567,823029.0,Sauce Viejo
1568,823127.0,Las Tunas
1569,823841.0,San Fabián
1570,823204.0,San Carlos Norte
1571,822994.0,Llambi Campbell
1572,908350.0,Villa de Leales
1573,620077.0,San Carlos de Bariloche
1574,142518.0,San Roque
1575,141162.0,Alicia
1576,141498.0,Tancacha
1577,141540.0,Villa del Totoral
1578,141568.0,San José de las Salinas
1579,180105.0,Estación Torrent
1580,220364.0,Colonia Benitez
1581,386119.0,El Piquete
1582,386231.0,Santa Ana
1583,540077.0,Loreto
1584,142406.0,Chancaní
1585,142504.0,Mayu Sumaj
1586,140840.0,Las Higueras
1587,140868.0,Sampacho
1588,141092.0,Mina Clavero
1589,141176.0,Arroyito
1590,141211.0,Colonia San Bartolomé
1591,260035.0,Epuyén
1592,386098.0,El Fuerte
1593,380245.0,Palma Sola
1594,386147.0,Santa Catalina
1595,386182.0,Maimará
1596,460049.0,Famatina
1597,460063.0,General Belgrano
1598,460091.0,General San Martín
1599,500049.0,Las Heras
1600,540252.0,Caa Yarí
1601,540490.0,Mojón Grande
1602,540504.0,San Pedro
1603,580175.0,El Cholar
1604,625056.0,El Cuy
1605,620161.0,Gral. Roca
1606,620196.0,Sierra Colorada
1607,625245.0,Ojos de Agua
1608,660175.0,Iruya
1609,660294.0,Colonia Santa Rosa
1610,740035.0,"V, Gral, Roca"
1611,749119.0,Juan Jorba
1612,740070.0,Justo Daract
1613,740119.0,Juana Koslay
1614,749007.0,La Punta
1615,820021.0,Las Rosas
1616,822133.0,Bauer y Sigel
1617,820042.0,Rafaela
1618,822392.0,Villa San José
1619,822413.0,Alcorta
1620,822539.0,Cayastá
1621,822651.0,Hughes
1622,822777.0,El Arazá
1623,822819.0,La Sarita
1624,822868.0,Villa Ana
1625,822945.0,Villa Eloísa
1626,822980.0,Candioti
1627,823120.0,La Pelada
1628,823169.0,Providencia
1629,823239.0,Santa Clara de Buena Vista
1630,823281.0,Esteban Rams
1631,823365.0,Álvarez
1632,823498.0,Capivara
1633,823680.0,Villa Trinidad
1634,823708.0,La Brava
1635,823778.0,Gaboto
1636,824037.0,Villa Mugueta
1637,824142.0,Cañada Ombú
1638,824156.0,Garabato
1639,824198.0,Tartagal
1640,908224.0,Comuna Villa Belgrano
1641,908448.0,Teniente Berdina
1642,908490.0,Atahona
1643,908546.0,Santa Cruz y la Tuna
1644,908294.0,Estacion Araoz y Tacanas
1645,908329.0,Quilmes y los Sueldos
1646,908343.0,Santa Rosa de Leales y L. Blanca
1647,908406.0,Leon Rouges y Santa Rosa
1648,908623.0,Choromoro
1649,900091.0,Municipalidad de Aguilares
1650,260161.0,Río Pico
1651,420301.0,Quemú Quemú
1652,500091.0,San Carlos
1653,540392.0,Los Helechos
1654,140490.0,Camilo Aldao
1655,420217.0,Lonquimay
1656,425098.0,Maisonnave
1657,141365.0,Villa Concepción del Tío
1658,143050.0,Potrero de Garay
1659,180028.0,Riachuelo
1660,220070.0,Puerto Eva Perón
1661,220113.0,Corzuela
1662,540455.0,Jardín América
1663,540476.0,Ameghino
1664,585147.0,Ramón Castro
1665,620042.0,Darwin
1666,625154.0,Arroyo Ventana
1667,625189.0,Sierra Paileman
1668,740038.0,Estancia Grande
1669,822371.0,Tacural
1670,822770.0,Berna
1671,822875.0,Villa Guillermina
1672,822910.0,Lucio V. López
1673,822973.0,Campo Andino
1674,823036.0,Cavour
1675,823267.0,Sarmiento
1676,823526.0,Constanza
1677,823827.0,Monje
1678,900021.0,Municipalidad de Alderetes
1679,908161.0,Alpachiri y el Molino
1680,908469.0,Los Sarmiento y la Tipa
1681,908336.0,Rio Colorado
1682,740007.0,Candelaria
1683,823904.0,La Criolla
1684,540028.0,Tres Capones
1685,625168.0,Aguada Cecilio
1686,660140.0,General Ballivián
1687,660245.0,San Antonio de los Cobres
1688,822735.0,Sancti Spiritu
1689,823092.0,Hipatía
1690,820217.0,Villa Gobernador Gálvez
1691,823624.0,Ñanducita
1692,823652.0,Santurce
1693,746245.0,Balde
1694,142119.0,Mi Granja
1695,220420.0,Samuhú
1696,380091.0,El Aguilar
1697,268147.0,Dr. Atilio Oscar Viglione
1698,580112.0,Junín de los Andes
1699,822315.0,Presidente Roca
1700,940014.0,Ushuaia
1701,823351.0,Acebal
1702,220049.0,La Leonesa
1703,580231.0,Las Lajas
1704,823939.0,Ramayón
1705,380105.0,Humahuaca
1706,540112.0,Garupá
1707,823456.0,Villa Amelia
1708,908070.0,Villa Padre Monti
1709,420196.0,La Humada
1710,540154.0,Eldorado
1711,260098.0,Gaiman
1712,823057.0,Elisa
