provincia_id,departamento,categoria_id,Certificadora_id,razon social,establecimiento
6,BARADERO,1,2,ADD CROPS S.A.,BARADERO 1
6,BARADERO,1,2,ADD CROPS S.A.,BARADERO 2
6,BARADERO,1,2,ADD CROPS S.A.,EL BUEN RETIRO
6,AZUL,1,3,AGRICOLA EL HORIZONTE S.A.,EL RELINCHO
6,AZUL,1,3,AGRICOLA EL HORIZONTE S.A.,EL HORIZONTE
6,CARMEN DE PATAGONES,1,4,AGRO ROSSI S.H.,DON GISLENO
6,CARMEN DE PATAGONES,1,4,AGRO ROSSI S.H.,ONELIA
6,BARADERO,1,2,ALVAREZ ANA MARIA,EL PAMPA ORGANICO
6,VILLARINO,1,1,ANIJG AGENCY S.A.,EL FORTIN
6,MERCEDES,1,2,ARBE JUAN LUCAS ,NATURAL PAMPA
6,LOS CARDALES,1,2,ARGENTINA SPECIALITY S.R.L.,LA MORENITA
6,SAN PEDRO,1,2,AUTOSOL PARTS S.A.,SAN JOSE
6,AZUL,1,3,BANDERITAS S.A.,JUAN ALBERTO
6,BENITO JUAREZ,1,3,BANDERITAS S.A.,SANTA RITA
6,BENITO JUAREZ,1,3,BANDERITAS S.A.,LA COLORADA
6,BENITO JUAREZ,1,3,BANDERITAS S.A.,LA NELIDA
6,25 DE MAYO,1,2,BARRETO JORGE JAVIER,LOS ARANDANALES
6,SAN PEDRO,1,2,BERRIES PREMIUM SA,BERRIES PREMIUM
6,GENERAL LAS HERAS,1,2,BIANCHI FERNANDO LUIS,"""LA JULIA"" Y ""LA JULITA"""
6,CORONEL DORREGO,1,2,BIOLIVE S.A.,EL PIAL
6,ZARATE,1,2,BORCHARDT FRANCISCO,ORGANIC ORCHARD
6,SAN PEDRO,1,2,BUENA TIERRA SRL.,SANTA LUCIA
6,LUJAN,1,4,CHACRA RUMFE SRL,CHACRA RUMFE
6,LA PLATA,1,4,CIDEL ORGANICA S.R.L.,QUINTA 462
6,LA PLATA,1,4,CIDEL ORGANICA SRL,LA ANUNCIACION QUINTA 2
6,CAÑUELAS,1,2,COOPERATIVA GRANJERA ENTRERIANA DE CHACRAS ORGANICAS LTDA.,EL SEÑUELO
6,CARMEN DE PATAGONES,1,1,"CORDOBA, MIGUEL ANGEL",EL 48
6,GENERAL PUEYRREDON,1,1,COSUFRUTOS SA,PUENTE VIEJO
6,CARMEN DE PATAGONES,1,4,DON ALEJO SA,LAUQUEN
6,CARMEN DE PATAGONES,1,4,DON ALEJO SA,LA TAPERA
6,CORONEL PRINGLES,1,2,DON JACINTO SAAYC,PILLAHUINCO
6,CARMEN DE PATAGONES,1,4,EBERLING FELICIANO,LA AVENTURA
6,CARMEN DE PATAGONES,1,4,EBERLING FELICIANO,LA QUEBRADA
6,ADOLFO ALSINA,1,3,EDCO GRAINS S.A.,LA UNION
6,GUAMINI,1,3,EDCO GRAINS S.A.,LA ELVIRA
6,DARREGUEIRA,1,2,EL CASERIO ORGANICO S.H.,MARIA ALBINA I  Y LA AMELIA
6,GENERAL MADARIAGA,1,3,EL KIWAL DE MACEDO S.A.,DON GUILLERMO
6,COLON,1,2,EL REFUGIO DE CARLOS S.A.,LOS TAMARISCOS (ANIMAL)
6,GENERAL PUEYRREDON,1,1,"ETCHEBEST, PEDRO GASTON",DOÑA FRANCISCA
6,PARADA ROBLES,1,2,FERRARI CRISTHIAN DANIEL,FERRARI
6,CARMEN DE PATAGONES,1,4,GARAT ALBERTO ADOLFO,MI SUEÑO
6,TANDIL,1,2,GARRIDO STELLA MARIS,LOS OSOS
6,CARMEN DE PATAGONES,1,3,GILARDI SEBASTIAN,DON LUIS
6,LUJAN,1,1,GIMAI SA,LA AMISTAD
6,CARMEN DE PATAGONES,1,4,GONZALEZ ELVIO,VILLA BALLESTER
6,CARMEN DE PATAGONES,1,4,GONZALEZ ELVIO,LAS CIEN
6,CARMEN DE PATAGONES,1,4,GONZALEZ ELVIO,EX ARTEL
6,MAR DEL PLATA,1,2,GONZALEZ ZUGASTI ESTEBAN ANTONIO,PAITITI
6,GENERAL PAZ,1,1,HUENU CRESTA Y MUTICIA CRESTA SH,CANDELA
6,CARMEN DE PATAGONES,1,4,ILGNER ANGEL E. Y PRESA STELLA M.,LOTE 118 Y  LA ALICIA
6,VILLALONGA,1,3,ILGNER HECTOR,LA GABRIELITA
6,JUAN A. PRADERE,1,3,ILGNER OSCAR FELIPE,SAN AGUSTIN
6,VILLALONGA,1,3,ILGNER RAUL ALBERTO,FRUTO DE LA FE
6,VILLALONGA,1,3,ILGNER SEBASTIAN,LOS MEXICANOS
6,MERCEDES,1,2,INNOCENTI MONICA,KIWI Y CHAMPIGNON
6,SAN PEDRO,1,2,INTERRUPCION S.A.,LAS LOMAS
6,VILLARINO,1,1,"JAÑEZ, MARIA PILAR",EL CHARA
6,CARMEN DE PATAGONES,1,1,KROHN ARNOLDO Y MARTIN LUIS ENRIQUE SH,EL SATELITE
6,CARMEN DE PATAGONES,1,1,KROHN ARNOLDO Y MARTIN LUIS ENRIQUE SH,MARY YAN
6,ALVEAR,1,2,KUMAGRO S.A.,CAMPO ALVEAR
6,OPEN DOOR,1,2,HIGH DOOR S.A.,TALLO VERDE
6,ALVEAR,1,2,KUMAGRO S.A.,LOS PINOS
6,CARMEN DE ARECO,1,2,KUMAGRO S.A.,LA LUCIA II
6,CHACABUCO,1,2,KUMAGRO S.A.,MAC GRATH
6,CHIVILCOY,1,2,KUMAGRO S.A.,LOS PARAISOS
6,JUNIN,1,2,KUMAGRO S.A.,LA BLANQUEADA
6,MERCEDES,1,2,KUMAGRO S.A.,OJEA
6,CORONEL SUAREZ,1,1,LA CATALINA SCA,LA CATALINA ORGANICA
6,PUAN,1,2,LA VENTURA & ASOCIADOS S.A.,LA VENTURA Y LA MARIA SUR
6,GENERAL ALVARADO,1,2,LAFONTAINE SILVIA ELENA,LA MADRECITA
6,CORONEL SUAREZ,1,1,LAVANDAS DE LAS SIERRAS S.R.L.,EL PANTANOSO
6,ADOLFO GONZALES CHAVES,1,1,"LIMARDO, RAFAEL OSVALDO",LA SALADA
6,MONTE GRANDE,1,1,"LIN, SANTIAGO",SANTIAGO LIN
6,RAUCH,1,2,LOVINAC S.A.,TRES MARIAS
6,BARADERO,1,2,LUIS A. DUCRET Y CIA. S.A.,GARIBALDI
6,BARADERO,1,2,LUIS A. DUCRET Y CIA. S.A.,EL PUESTO
6,BARADERO,1,2,LUIS A. DUCRET Y CIA. S.A.,EL RADAR
6,PUAN,1,2,MAGADAN LOPEZ MAXIMO PEDRO,LA VENTURA - SANTA BENITA
6,PUAN,1,2,MAGADAN LOPEZ MAXIMO PEDRO,SANTA BENITA
6,PIGUE,1,2,"MAZAIRA, GUILLERMO A.",CHACRA G Y K
6,ESTEBAN ECHEVERRIA,1,4,MICAELA ANDREA SASAKI,CULTIVOS ORGANICOS SASAKI
6,ALEJANDRO KORN,1,4,MIRTA LOPEZ,REDONDEL
6,AZUL,1,4,MISKA SA,SAN LUIS
6,LAS FLORES,1,4,MISKA SA,DON GREGORIO
6,LAS FLORES,1,4,MISKA SA,BREIZH
6,LAS FLORES,1,4,MISKA SA,LOS VERDES
6,LAS FLORES,1,4,MISKA SA,CONSTANTIN
6,RAUCH,1,4,MISKA SA,LOIZA
6,PILAR,1,1,MOA INTERNACIONAL A.C. DE FILOSOFIA Y CULTURA,ZUISENKIO DERQUI
6,SAAVEDRA,1,2,NEO ARGENTO SC,LAS TRES NENAS
6,CARMEN DE PATAGONES,1,4,NOVICK PABLO HORACIO,EL CUADRO DEL VASCO
6,CARMEN DE PATAGONES,1,4,NOVICK PABLO HORACIO,EL VASQUITO
6,VERGARA,1,1,"PERASSO, EMILIO CESAR",LA AMELIA
6,CARMEN DE ARECO,1,2,PETROAGRO S.A.,DON BENEDETTO
6,CHACABUCO,1,2,PETROAGRO S.A.,SAN JUAN
6,CHACABUCO,1,2,PETROAGRO S.A.,HURE
6,CHACABUCO,1,2,PETROAGRO S.A.,SAN CARLOS
6,CHIVILCOY,1,2,PETROAGRO S.A.,LOS VASQUITOS
6,TRES SARGENTOS,1,2,PETROAGRO S.A.,SIVORI
6,EXALTACION DE LA CRUZ,1,1,"PROVERBIO, JUAN MARIANO",LOTE 111
6,EXALTACION DE LA CRUZ,1,1,"PROVERBIO, JUAN MARIANO","PROVERBIO, JUAN MARIANO"
6,CORONEL DORREGO,1,1,PROVIDENCE SA,LA ISLA
6,TRES ARROYOS,1,1,PROVIDENCE SA,SANTA ELENA
6,25 DE MAYO,1,2,RIVARA S.A.,LAS NUTRIAS
6,9 DE JULIO,1,2,RIVARA S.A.,LA MARTITA
6,BOLIVAR,1,2,RIVARA S.A.,EL FORTIN Y LOS MEDANOS
6,BOLIVAR,1,2,RIVARA S.A.,EL ROSARIO (MANUBI)
6,BOLIVAR,1,2,RIVARA S.A.,LA ADELINA
6,BOLIVAR,1,2,RIVARA S.A.,10 DE JUNIO
6,BOLIVAR,1,2,RIVARA S.A.,MAMA CAROLINA
6,BOLIVAR,1,2,RIVARA S.A.,LA LUISA
6,ORENSE,1,2,RODOLFO UNGARO Y CIA S.A.,ARMONIA - LAS 150 - EL MORO
6,EXALTACION DE LA CRUZ,1,2,ROLAND MOHLE/CORINA KEYMER DE MOHLE,ROCO
6,CARMEN DE PATAGONES,1,1,"ROSSI, PILADE QUINTO",EL CHAPARRAL
6,CARMEN DE PATAGONES,1,1,"ROSSI, PILADE QUINTO",LA ALCANCIA
6,ESTEBAN ECHEVERRIA,1,1,SASAKI NOOSAN SRL,SASAKI NOOSAN SRL
6,OLAVARRIA,1,3,SOYAPAMPA S.A.,EL REZONGO
6,AZUL,1,4,SOYAPAMPA SA,VIMANEMAR
6,AZUL,1,4,SOYAPAMPA SA,LAS MARIAS
6,LAS FLORES,1,4,SOYAPAMPA SA,LA PICASA
6,LAS FLORES,1,4,SOYAPAMPA SA,EL CARDALITO
6,RAUCH,1,4,SOYAPAMPA SA,BUENA ESPERANZA
6,TANDIL,1,2,TANDIL VACARA SRL,SAN MIGUEL
6,SAN PEDRO,1,2,TENAX S.A.,FINCA DON PEDRO
6,LA PLATA,1,4,TESTONI VICTOR,ARCOS DEL INTI - PRODUCTOR
6,CARMEN DE PATAGONES,1,4,"VEXENAT PABLO C., FONTENLA DIEGO A.(AGROINDECO SRL) Y GIACHETTI WALTER",PURO CAMPO
6,PEREZ MILLAN,1,3,VIRTUD SA,EL CICLON LOTE 1
10,TINOGASTA,1,2,BUSTAMANTE LUIS,FINCAS DON ROGELIO
10,POMAN,1,1,FRUTOS DEL NORTE SA,FRUTOS DEL NORTE S.A.
10,ALTOS DE SINGUIL,1,2,LA BUENA VIDA S.R.L.,RIO SINGUIL
10,EL BARRIALITO,1,2,LA BUENA VIDA S.R.L.,DON MIGUEL
10,TINOGASTA,1,1,LA LUNA DE CATAMARCA SA,GRUPO AO
10,BAÑADO DE OVANTA,1,2,LA OVEJERIA CONSTRUCCIONES S.R.L.,EL BAÑADO
10,TINOGASTA,1,1,"LONGO, PASCUAL",PASCUAL LONGO
10,POMAN,1,1,OLIVARES DE POMAN SA,COMPLEJO OLIVICOLA SAN JOSE
10,VALLE VIEJO,1,2,OLIVAS AL MUNDO S.A.,OLIVAS AL MUNDO (CAMPO)
14,RIO PRIMERO,1,4,AGRO PROFESIONAL SA,LOSITA
14,RIO PRIMERO,1,4,CONOSUR FOODS ARGENTINA SRL,ROBLEDO
14,VILLA MARIA,1,1,DE ZARATE MARCOS SEBASTIAN,MARCOS DE ZARATE
14,MARCOS JUAREZ,1,1,FOUNDATION RACHEL Y PAMELA SCHIELE,LAS DOS HERMANAS
14,RIO PRIMERO,1,4,FRANCO BATAN Y ROSA SIGISMUNDI S.H.,BIO HONEY
14,JUAREZ CELMAN,1,1,HUANQUI S.A.,ALTOS VERDES
14,SANTA MARIA,1,1,LA MECO S.R.L,LA PASCUALINA
14,LA PAZ,1,3,MARIA ELVIRA SAGASTI,ARCA DEL SOL
14,CRUZ DEL EJE,1,2,OLIVARES Y VIÑEDOS SAN NICOLAS S.A.,OLIVARES Y VIÑEDOS SAN NICOLAS
14,ALEJO LEDESMA,1,2,POSTEL SA,LAS GAVIOTAS
14,GENERAL SAN MARTIN,1,4,PRONUT SRL,LA MORA
14,CAPITAL,1,4,RAFAGOS SA,LAS PALOMAS
14,SEBASTIAN ELCANO,1,2,SARDI JOSE LUIS,COLMENARES ELCANO
14,VILLA BERNA,1,3,WELEDA S.A.,WELEDA
18,CURUZU CUATIA,1,1,ECA  SA,LA VICTORINA
18,BELLA VISTA,1,2,FEYEN ROBERTO,MARIA ANGELICA
18,ALVEAR,1,2,GONCALVEZ ARTURO ELIAS,ESTANCIA SANTA ANA
18,CURUZU CUATIA,1,3,GUIDOBONO JOSE MARIA,CAMPO AFUERA
18,CURUZU CUATIA,1,3,GUIDOBONO JOSE MARIA,TUNAS
18,LA CRUZ,1,2,KITASAN S.A.,KITASAN
18,ALVEAR,1,2,RIGO MARQUES GILMAR,PIRAYU
18,BELLA VISTA,1,1,"RODRIGUEZ BASIGALUP , HECTOR M.",LIMONES DEL SOL 1 Y 2
22,ALTE. BROWN,1,2,BIO AGRICULTORES S.A.,CAMPO CHACO
22,GENERAL GÜEMES,1,2,BIO AGRICULTORES S.A.,CAMPO PALOMO
22,GENERAL SAN MARTIN,1,2,CODUTTI DANIEL HUGO,CAMPO VALUSSI - CAMPO ROSSO
22,PUERTO EVA PERON,1,2,DIAZ RAFAEL JAVIER,EL CHILCAL
22,GENERAL SAN MARTIN,1,2,ECA S.A.,ZONA GRAL SAN MARTIN DE RECOLECCION SILVESTRE
22,GENERAL GÜEMES,1,4,FABIO J PAVON,COLMENARES DON DALMACIO
22,GENERAL GÜEMES,1,4,GONZALEZ ROQUE O. Y COOPSOL LTDA.,APIARIO BF
22,GENERAL GÜEMES,1,4,HOLGADO LEONCIO Y COOPSOL LTDA.,APIARIO BG
22,GENERAL SAN MARTIN,1,2,LA VICTORIA SRL,LA MANDARINA
22,GENERAL GÜEMES,1,2,RIMONDINO ENRIQUE,MIEL DE MONTE
22,GENERAL GÜEMES,1,4,RODRIGUEZ ROSA A. Y COOPSOL LTDA.,APIARIO BI
22,GENERAL GÜEMES,1,4,RUIZ ELVIO Y COOPSOL LTDA.,APIARIO BH
26,RIO SENGUER,1,2,14 DE ABRIL S.R.L.,LA LAURITA
26,ESCALANTE,1,2,ANTONELLA TORRACA Y OTROS S.H.,SAN JOSE
26,PICO DE SALAMANCA,1,2,ANTONELLA TORRACA Y OTROS S.H.,EL FREDE
26,ZONA RURAL RIO MAYO,1,2,BARDAS BLANCAS S.A.,DON JOSE
26,TEHUELCHES,1,2,COMINAGRO GANADERA S.A.,MALLIN NEVADO-LOS RURALES-RANCHO GDE.-LA BLANCA
26,LANGUINEO,1,2,COMPANIA DE TIERRAS TECKA S.A.,TECKA
26,FUTALEUFU,1,1,COMPAÑIA DE TIERRAS SUD ARGENTINO SA,ESTANCIA MONTOSO
26,CHOLILA,1,2,CUADRADA PRODUCTIONS S.R.L.,BAJADA DEL RADAL
26,CUSHAMEN,1,1,CUYEN SRL,CUYEN
26,EL HOYO,1,1,CUYEN SRL ,CHACRA MICUCCI
26,GASTRE,1,2,EL REZONGO SH,RAGOBET (ANIMAL)
26,COMODORO RIVADAVIA,1,2,EPIGRAN S.A.,LAS MERCEDES Y SECCION LA PALOMA
26,CAMARONES,1,2,FUHRMANN S.A,LAS VIOLETAS
26,GASTRE,1,2,FUHRMANN S.A,SOFIA
26,GARAYALDE,1,2,FUHRMANN S.A,LA SUSANA
26,PENINSULA VALDES,1,2,GALLIA MARCO,SAN JORGE
26,RIO SENGUER,1,2,GANADERA VALLE HUEMULES S.A.,VALLE HUEMULES
26,TRELEW,1,2,GARCIA SALVADOR O.,SAN GENARO
26,RIO SENGUER,1,2,GORDON MARY ANN Y RIBAYA EDUARDO SH,ELVIRA
26,RIO SENGUER,1,2,GUENGUEL S.R.L.,EL RELINCHO - LINDO PARAJE - EL PICADERO
26,LOS ANTIGUOS,1,2,HIERBAS PATAGONICAS SRL,LA ASCENSION
26,TEHUELCHES,1,2,IANNINI S.A.,EL PICHE - SAN AMBROSIO
26,"PASO DE LOS INDIOS, GASTRE Y TEHUELCHES",1,2,JUAN CARLOS PAGASARTUNDUA Y J.N.P SH,LA SALINA - SIERRA FRIA Y LA PELIGROSA
26,RIO SENGUER,1,2,JUAN MAZQUIARAN E HILDA VERDE SH,CAÑADON TACHO
26,PASO DE LOS INDIOS,1,2,LA ALTURA SH,LA ALTURA
26,LANGUIÑEO,1,2,LA ELISITA S.A.,LA ELISITA Y EL CHANGUITO
26,EL HOYO,1,1,"LOPEZ, CLAUDIA BEATRIZ",CBL
26,CUSHAMEN,1,1,MAMINA SRL,ESTABLECIMIENTO MAMINA
26,RIO SENGUER,1,2,MAZQUIARAN NELSON,LA ANGELITA (ANIMAL)
26,ESCALANTE,1,2,MOTTINO CARLOS ANGEL,LOS MANANTIALES (ANIMAL)
26,LAGO PUELO,1,2,PARALELO 42  S.A.,VALLE DEL MEDIO
26,ESQUEL,1,2,PATAGONIA IND. LANAR S.A.C.I.F.I. Y A.,CARIDAD
26,BIEDMA,1,2,PUNTA QUIROGA S.A.,DON FRANCISCO
26,MARTIRES,1,2,RAICES PATAGONICAS S.A.,EL MIRABUENO (ANIMAL)
26,LAGO PUELO,1,3,ROSA PATAGONICA S.A.,ROSA PATAGONICA
26,CUSHAMEN,1,1,ROSANA N. PORCU,CAMINO VIEJO
26,ESCALANTE,1,2,SCHULZE HERNAN LEO,LAS MELLIZAS Y SECCION LA BUENA FE (ANIMAL)
26,GAIMAN (BAHIA BUSTAMANTE),1,2,SORIANO SACIFIA Y DE M,BAHIA BUSTAMANTE
26,RIO SENGUER,1,2,SUCESORES DE RAMON LORENZO Y OTROS,LA NICOLASA
26,PASO DE INDIOS,1,2,TIRSO FERNANDEZ  PEÑA,EL RISCOSO
26,GAIMAN,1,2,TORRES FEDERICO PATRICIO,LAS TIJERAS
26,GAIMAN,1,2,VIÑAS MARIA TERESA,POZO HONDO (ANIMAL)
30,CHAÑAR,1,3,AGROYATAY S.R.L.,LA MARGARITA
30,VICTORIA,1,3,BOTTEGAL JUAN ANGEL Y BOTTEGAL JULIO CESAR S.H.,ZONA DE ISLAS ENTRE RIOS
30,CONCEPCION DEL URUGUAY,1,2,CAMAÑO JULIO,SAN ANTONIO
30,SAN JUSTO,1,2,CAMINOS DE JUSTO SA.,CAMINOS DE JUSTO
30,LA PAZ,1,3,CAMPO MALAMBO S.A.,CAMPO MALAMBO
30,VILLAGUAY,1,3,CAUPOLICAN S.R.L.,LA CATALINA
30,CONCORDIA,1,1,ECA  SA,LA 83
30,LA PAZ,1,3,ESTANCIA LAGUNA BLANCA S.A.,LAGUNA BLANCA
30,CONCORDIA,1,3,FIDEICOMISO ARANDANOS DEL HEMISFERIO SUR,FIDEICOMISO ARANDANOS DEL HEMISFERIO SUR
30,LA PAZ,1,2,FIGUEROA BUNGE MARIANO,LA EVANGELINA
30,CHAJARI,1,3,FUCHINECO LUIS ALBERTO,ALMA MIA
30,PARANA,1,2,GRACIA LUZ DON,LA ESMERADA
30,CONCORDIA,1,3,GUIDOBONO JOSE MARIA,LA URBANA
30,SAN JAIME,1,3,GUIDOBONO JOSE MARIA,SAN PEDRO
30,BASAVILBASO,1,3,GUILLERMO JAUCK Y HERMANOS SOCIEDAD DE HECHO,LA CAROLINA
30,BASAVILBASO,1,3,GUILLERMO JAUCK Y HERMANOS SOCIEDAD DE HECHO,MONTEVERDI
30,BASAVILBASO,1,3,GUILLERMO JAUCK Y HERMANOS SOCIEDAD DE HECHO,MEICHTRY
30,BASAVILBASO,1,3,GUILLERMO JAUCK Y HERMANOS SOCIEDAD DE HECHO,LA BLANCA
30,BASAVILBASO,1,3,GUILLERMO JAUCK Y HERMANOS SOCIEDAD DE HECHO,LISFCHITZ
30,URUGUAY,1,3,GUILLERMO JAUCK Y HERMANOS SOCIEDAD DE HECHO,EL TAJAMAR
30,CONCORDIA,1,1,IGFO SA,LA ESPERANZA
30,YUQUERI,1,1,IGFO SA ,EL TRIANGULO
30,GUALEGUAY,1,2,KUMAGRO S.A.,LA UNION
30,GUALEGUAY,1,2,KUMAGRO S.A.,"SANTA MARIA ""B"""
30,CONCORDIA,1,3,LA LOMA ALIMENTOS S.A.,EL TALITA
30,CONCORDIA,1,3,MAGNO S.A.,LAS ACHURAS
30,URUGUAY,1,3,MAGNO S.A.,LOTE PLANTA MANTEROS
30,CONCORDIA,1,3,NEOFARMS S.R.L. / GUIDOBONO JOSE MARIA / CALERO GUILLERMO,LA EMILIA (EX LA PRIMAVERA)
30,CONCORDIA,1,3,"NEOFARMS SRL/GUIDOBONO JOSE MARIA/CALERO GUILLERMO,",POOL CONSORCIO - UNIDAD A
30,CONCORDIA,1,3,"NEOFARMS SRL/GUIDOBONO JOSE MARIA/CALERO GUILLERMO,",POOL CONSORCIO - UNIDAD B
30,CONCORDIA,1,3,"NEOFARMS SRL/GUIDOBONO JOSE MARIA/CALERO GUILLERMO,",POOL CONSORCIO - UNIDAD C
30,CONCORDIA,1,3,"NEOFARMS SRL/GUIDOBONO JOSE MARIA/CALERO GUILLERMO,",POOL CONSORCIO - UNIDAD D
30,CONCORDIA,1,3,"NEOFARMS SRL/GUIDOBONO JOSE MARIA/CALERO GUILLERMO,",POOL CONSORCIO - UNIDAD E
30,FEDERACION,1,3,SALDUNA PEDRO JORGE - SALDUNA PEDRO,SANTA DOMINGA
30,COLON,1,2,SOCAS CARLOS MARIA,LA MARMOL - SAN PANCHO
30,FEDERACION,1,2,STIVANELLO JUAN CARLOS,JUAN CARLOS STIVANELLO (FINCA)
30,FEDERAL,1,3,TIANA S.A.,TIANA S.A.
30,1º DE MAYO,1,2,WOLFF GUSTAVO ALFREDO,LOS NOGALES
34,SAN FRANCISCO LAISHI,1,2,CORONEL ALEJANDRO ANIBAL,PURO ALOE
34,PILCOMAYO,1,2,ISLA PUEN SRL,ISLA PUEN
34,LAGUNA BLANCA,1,2,UTE BV S.A.,EL CANADIENSE
38,SAN PEDRO DE JUJUY,1,2,ADROVER TRISTAN,FINCA LA ESCONDIDA
38,SAN PEDRO DE JUJUY,1,2,ALCONOR S.A.,EL INFANTE
38,CHUCAREZNA,1,2,AYNI S.A.,LA COLORADA
38,YUTO,1,2,BLANCO HUGO ROBERTO,EL VASCO
38,SAN PEDRO DE JUJUY,1,2,CAMPO ALEGRE S.A.,FINCA CAMPO ALEGRE
38,SAN PEDRO,1,2,COOPERATIVA DE PRODUCTORES APICOLA DE JUJUY LTDA.,COOPERATIVA DE PRODUCTORES DE MIELES DE JUJUY
38,DEPTO. EL CARMEN,1,2,EL OMBU SRL,FINCA FIORINI
38,SANTA BARBARA,1,2,EMECINCO S.A.,FINCA LOS PLATANOS
38,PERICO,1,2,FINCA EL PONGO - HPTAL. ARTURO ZABALA,FINCA EL PONGO
38,EL CARMEN,1,2,FINCA LAS MERCEDES SRL,FINCA LAS MERCEDES
38,PAMPA BLANCA,1,2,GARELY S.A.,LOS PUENTES
38,EL CARMEN,1,2,HAROIAN NELSON EDGARDO,FINCA EL OLLERO
38,EL CARMEN,1,2,HAROIAN NELSON EDGARDO,FINCA PAMPA BLANCA
38,LA ESPERANZA,1,2,INGENIO LA ESPERANZA S.A.,INGENIO LA ESPERANZA
38,EL CARMEN,1,2,INKLEMONA DE BALUT ROSA,FINCA LAS PICHANAS
38,LOS MANANTIALES,1,2,LA PROVIDENCIA SRL,LA PROVIDENCIA
38,DEPTO EL CARMEN,1,2,MORALES GUSTAVO ROBERTO,FINCA MORALES
38,PALMA SOLA,1,2,PALMA SOLA FARMS S.R.L,PALMA SOLA
42,MIGUEL CANE,1,3,EDCO GRAINS S.A.,SAN JUAN
42,CALEU CALEU,1,2,EL MAITEN S.R.L.,EL ALFILERILLO / EL REMOLINO / DON PEDRO / BARUSO / EL MORRO
42,UTRACAN,1,2,LOS AMIGOS S.H.,DON SERAFIN - EL CARMEL
46,CHILECITO,1,1,"BELLAN, EDGARDO CHARBEL MARIA",LAS TRES MARIAS
46,CHILECITO,1,1,BELLIA JOSE LUIS,AGROVID
46,CHILECITO,1,1,"CAPECE, LORENZO OSVALDO",LA ALBORADA
46,ARAUCO,1,1,CLEAN INVESTMENT SA,EL RETAMO
46,ARAUCO,1,1,CLEAN INVESTMENT SA,SAN AMBROSIO Y  DON JESUS
46,GENERAL OCAMPO,1,2,CONCESIONARIA DE FINCAS EL RENUEVO S.A.,FINCAS EL RENUEVO
46,CHILECITO,1,1,COOPERATIVA VITIVINIFRUTICOLA  LA RIOJANA LTDA.,FINCA CIUDADELA
46,CHILECITO,1,1,COOPERATIVA VITIVINIFRUTICOLA  LA RIOJANA LTDA.,FINCA CIUDADELA II (EXFEDERADA RIOJANA SA)
46,CHILECITO,1,1,COOPERATIVA VITIVINIFRUTICOLA  LA RIOJANA LTDA.,PARCELA 12
46,CHILECITO,1,1,COVARRUBIAS SA,COVARRUBIAS
46,CHILECITO,1,1,"DE LA VEGA, EDUARDO DANIEL",MARTA ELENA
46,LA RIOJA,1,1,EMPRENDIMIENTOS DEL NORTE SRL ,FINCA LA ANDALUZA
46,CHILECITO,1,1,FINCA CERES SRL,FINCA CERES (EX-AGRICOLA SAN CAYETANO 3)
46,CHILECITO,1,1,FINCA CERES SRL,FINCA CERES (EX-AGRICOLA SAN CAYETANO 6)
46,CHILECITO,1,1,FREZZI SACIAG,FINCA FREZZI II
46,CHILECITO,1,1,FREZZI SACIAG,FINCA FREZZI
46,AIMOGASTA,1,2,FUERTE DEL BAÑADO S.A.,FUERTE DEL BAÑADO
46,CORONEL FELIPE VARELA,1,1,"GARROT, CARLOS PEDRO",FINCA SANTA GUALBERTA
46,CHILECITO,1,1,"GONZALEZ RODRIGUEZ, GERMAN",DON BERNABE
46,CHILECITO,1,1,"GONZALEZ, MARIO HERNAN",EX-BERETTA
46,CHILECITO,1,1,"GONZALEZ, MARIO HERNAN",EX-MORENO
46,CHILECITO,1,1,"GONZALEZ, MARIO HERNAN",NUEVA
46,DTO. CAPITAL,1,2,INDUSTRIAS QUIMICAS Y MINERAS TIMBO S.A.,FINCA TIMBO RIOJANA
46,CHILECITO,1,1,"IRIARTE, DANIEL",FINCA LAS ROSAS (IRIARTE)
46,CHILECITO,1,1,"LARGUIA, JONAS",FINCA LA NUESTRA
46,CHILECITO,1,1,MAELCA S.A.,LOS RANQUELES
46,CHILECITO,1,1,MAELCA SA,LOS CERRILLOS
46,CHILECITO,1,1,OLIVARES S.A.,OLIVARES S.A.
46,ARAUCO,1,1,OLIVOS ARGENTINOS SA,LA AGUADA
46,ARAUCO,1,1,OLIVOS ARGENTINOS SA,SANTA FE
46,CHILECITO,1,1,ORO NEGRO S.A.,ORO NEGRO
46,CHILECITO,1,1,"SUELDO GIORGI, LAURA",FINCA MACHIA
46,ARAUCO,1,1,TALAMUYUNA S.A.,TALAMUYUNA
46,CHILECITO,1,1,"TROYANO, RUFINO",PARCELA Nº8
50,SAN CARLOS,1,2,AGROLOSANDES S.A.,AGROLOSANDES
50,MAIPU,1,2,AGROROSAL S.A.,FINCA LA LUCERA
50,SAN CARLOS,1,2,AGROSAVER S.A.,FINCA LA AGUANDA
50,LUJAN DE CUYO,1,3,ALTOS LAS HORMIGAS SAVYC,ALTOS LAS HORMIGAS FINCA
50,SAN CARLOS,1,2,ARGENTBIO S.R.L.,FINCA EL OLMO
50,LUJAN DE CUYO,1,1,ARTEL INC,EL LUCAS
50,LUJAN DE CUYO,1,1,ARTEL INC,EL TINCHO
50,LUJAN DE CUYO,1,2,ASOC. COOP. EEA INTA MENDOZA,ASOCIACION COOPERADORA DE EEA MENDOZA INTA
50,JUNIN,1,3,AVE MARIA FIDEICOMISO,FINCA AVE MARIA AG
50,JUNIN,1,3,AVE MARIA FIDEICOMISO,FINCA AVE MARIA B
50,GUYAMALLEN,1,2,BAMENEX S.A.,FINCA DON JOAQUIN
50,LUJAN DE CUYO,1,2,BAMENEX S.A.,FINCA EL CARRIZAL
50,SAN RAFAEL,1,2,BEATRIZ VASQUEZ Y JUAN CARLOS CAMARGO SH,FINCA RINCON DESEADO
50,LUJAN DE CUYO,1,1,BEAU LIEU S.A.,BEAU LIEU SA
50,JUNIN,1,2,BENITO Y NORMA PANELLA,FINCA PANELLA Y ANEXO
50,LAVALLE,1,2,BIO AGRICULTORES S.A.,EL VERGEL
50,TUPUNGATO,1,1,BIO-ARGENTINA S.A.,LA CELESTE
50,LUJAN DE CUYO,1,3,BLANCO JOSE,UGARTECHE
50,SAN MARTIN,1,1,"BOCARDO, MARCELO",MARCELO BOCARDO
50,LUJAN DE CUYO,1,1,BODEGA ARGENTO S.A.,FINCA UGARTECHE
50,LA CONSULTA,1,1,BODEGA ARGENTO S.A.,FINCA ALTAMIRA
50,EL MIRADOR,1,3,BODEGAS Y VIÑEDOS BENEDETTI SRL,FINCA LAS YEGUITAS
50,LA PAZ,1,3,BODEGAS Y VIÑEDOS BENEDETTI SRL,FINCA LA PAZ
50,MAIPU,1,3,BODEGAS Y VIÑEDOS BENEDETTI SRL,FINCA LA ISLA
50,MONTE CASEROS,1,3,BODEGAS Y VIÑEDOS BENEDETTI SRL,FINCA MONTECASEROS
50,RIVADAVIA,1,3,BODEGAS Y VIÑEDOS BENEDETTI SRL,FINCA LOS CAMPAMENTOS
50,SAN CARLOS,1,1,BODEGAS Y VIÑEDOS V.O.B. S.A.,FINCA AURA (EX BODEGAS Y VIÑEDOS V.O.B.S.A.)
50,SAN MARTIN,1,2,BUONO BENITO ARNALDO,BUONO BENITO ARNALDO
50,SAN RAFAEL,1,2,CAMPAL S.A.,FINCA EL CAMPAL
50,MALARGUE,1,2,CAMPO GRANDE S.A.,ESTANCIA LAS CHACRAS
50,TUPUNGATO,1,2,CAMPOS DE LA COLONIA S.A.,FINCA LAS UVAS
50,LUJAN DE CUYO,1,1,CANTINIAN SA,CANTINIAN
50,MAIPU,1,1,CAÑA DE CASTILLA SRL,FINCA FABRICA 
50,MAIPU,1,1,CAÑA DE CASTILLA SRL,FINCA IRIGOYEN 
50,MAIPU,1,1,CAÑA DE CASTILLA SRL,FINCA IRIGOYEN FINAL 
50,MAIPU,1,1,CAÑA DE CASTILLA SRL,FINCA LOS ALAMOS 
50,LOS YOLES,1,3,CAROLINA BENEDETTI,LOS YOLES
50,LUJAN DE CUYO,1,1,CK Y ASOCIADOS S.A.,FINCA LUNLUNTA
50,MAIPU,1,1,CK Y ASOCIADOS S.A.,VILLA SECA
50,SAN CARLOS,1,2,COMPAÑIA AGRICOLA EL RODEO S.A.,FINCA ORGANICA SAN CARLOS
50,RIVADAVIA,1,3,COMPAÑIA DE AGROSERVICIOS S.A.,DON JORGE
50,RIVADAVIA,1,2,CUNCO S.A.,FINCA CUNCO
50,SAN RAFAEL,1,2,DJALLAD ANA REBECA,LA AMISTAD
50,MAIPU,1,1,DOMAINE JEAN BOUSQUET  S.A.,FINCA MAIPU DELICIAS DE TUPUNGATO SA
50,TUPUNGATO,1,1,DOMAINE JEAN BOUSQUET  S.A.,FINCA DOMAINE BOUSQUET
50,TUPUNGATO,1,1,DOMAINE JEAN BOUSQUET  S.A.,FINCA EL ZAMPAL DELICIAS DE TUPUNGATO SA
50,GUAYMALLEN,1,4,EDUARDO Y FABIAN CAMPAGNA SH,LOS CORRALITOS
50,SAN RAFAEL,1,1,EL MORO SRL,FINCA DINAMIA
50,LA PAZ,1,3,EMPRESA COMERCIAL EXPORTADORA S.A.,LAS 3 F
50,LUJAN DE CUYO,1,3,EMPRESA COMERCIAL EXPORTADORA S.A.,CHACRAS DE CORIA
50,SAN CARLOS,1,3,ESTABLECIMIENTOS VITIVINICOLAS ESCORIHUELA S.A.,ALTAMIRA
50,TUNUYAN,1,2,ESTANCIA CASA DE UCO S.A.,ESTANCIA CASA DE UCO
50,SAN RAFAEL,1,2,FENIX S.A.,FINCA REAL DEL PADRE
50,GODOY CRUZ,1,2,FIDEICOMISO BAX,FIDEICOMISO BAX
50,GUAYMALLEN,1,2,FIDEICOMISO SANTA RITA ,FINCA SANTA RITA
50,SAN RAFAEL,1,1,FINCA CONSTANZA SA,FINCA DOÑA CONSTANZA (EX FINCA EL MIRADOR)
50,LUJAN DE CUYO,1,1,FINCA VON WIGSTEIN,FINCA ALPAMANTA
50,TUNUYAN,1,2,FRUTIHORTICOLA SAN NICOLAS SA,FRUTIHORTICOLA SAN NICOLAS
50,FRAY LUIS BELTRAN,1,3,FRUTOS DE SANTA ROSA S.A.,FINCA BELTRAN
50,MAIPU,1,3,FRUTOS DE SANTA ROSA S.A.,FRAY LUIS BELTRAN
50,SANTA ROSA,1,3,FRUTOS DE SANTA ROSA S.A.,SANTA ROSA
50,SAN RAFAEL,1,2,GASPARETTI MAURICIO,EL AGUARIBAY
50,LA PAZ,1,1,GRUPO PEÑAFLOR SA ,FINCA LA PAZ
50,SAN MARTIN,1,1,GRUPO PEÑAFLOR SA ,FINCA ALTO VERDE
50,SANTA ROSA,1,1,GRUPO PEÑAFLOR SA ,FINCA SANTA ROSA
50,LUJAN DE CUYO,1,2,HAGEN DE MONTERO GUILLERMINA,FINCA MONTERO
50,TUNUYAN,1,2,IZASKUN SA,FINCA CORTESIA
50,SANTA ROSA,1,3,JESUS CARLOS FANTELLI E HIJOS,FINCA BODEGA
50,SANTA ROSA,1,3,JESUS CARLOS FANTELLI E HIJOS,BETTI
50,SANTA ROSA,1,3,JESUS CARLOS FANTELLI E HIJOS,AGUSTIN
50,GODOY CRUZ,1,2,LA MARIA DE LOS ARBOLES SRL,LA MARIA DE LOS ARBOLES 
50,LA CONSULTA,1,2,LACIENDA SA,LACIENDA
50,LA CONSULTA,1,2,LACIENDA SA,REPRESA TREGEA
50,LOS BARRIALES,1,3,LAIANA S.R.L.,LAIANA
50,LUJAN DE CUYO,1,2,LAS YEGUAS S.A.,LAS YEGUAS
50,RIVADAVIA,1,3,LIPTOV S.A.,EL RANCHO
50,RIVADAVIA,1,3,LIPTOV S.A.,LA ESTRELLA
50,MENDOZA,1,1,LLIHUE S.A.,FINCA CAYANTA
50,MENDOZA,1,1,LLIHUE S.A.,FINCA LA MAROLINA
50,SANTA ROSA,1,2,LOS EUCALIPTOS S.A.,FINCA LOS EUCALIPTOS
50,TUPUNGATO,1,1,"MASI, TUPUNGATO VIGNETI LA ARBOLEDA SA",MASI VIGNETI LA ARBOLEDA SA
50,SANTA ROSA,1,2,MIRAVALLES S.A.,E-30686
50,LA PAZ,1,3,MIX S.A.,UVAS DEL DESIERTO
50,MAIPU,1,3,MONTLAIZ S.R.L.,LA FLOR
50,SAN MARTIN,1,3,MONTLAIZ S.R.L.,DOÑA LIDIA
50,SAN MARTIN,1,3,MONTLAIZ S.R.L.,DON HUGO
50,UGARTECHE,1,3,NADAL JUAN GUSTAVO,LA AMPARO
50,LUJAN DE CUYO,1,1,OJO DE VINO SA,OJO DE VINO SA
50,MALARGÜE,1,3,OLATE JUAN CARLOS,"MARQUEZ 1 Y 2, MOLLAR 1 Y 2 (GRUPO AP. MALARGÜE)"
50,RIVADAVIA,1,1,OLIVARES DE DON IGNACIO S.A.,LA LIBERTAD
50,LUJAN DE CUYO,1,2,ORGANIC COSTAFLORES S.A.,FINCA COSTAFLORES
50,TUPUNGATO,1,2,PALUMBO GOTTARDINI CARLOS ROBERTO,ORALIA STATE
50,JUNIN,1,1,PARRA SA,CUARTEL 24 (EX PARRA SA)
50,SAN MARTIN,1,1,PATGO S.A,VIÑA PATRICIA
50,MAIPU,1,2,PEDRO Y JORGE CECCHIN S.R.L.,FINCAS RUSSEL  - JUNIN  - UGARTECHE
50,MAIPU,1,1,PEÑAVID SA,FINCA TRIBUTO
50,LUJAN DE CUYO,1,3,PROVIVA S.R.L,AGRELO 
50,LA CONSULTA,1,3,PROVIVA S.R.L.,ALTAMIRA I
50,LA CONSULTA,1,3,PROVIVA S.R.L.,ALTAMIRA II
50,LUJAN DE CUYO,1,3,PROVIVA S.R.L.,DRUMMOND
50,LAS HERAS,1,2,PUENTE BLANCO S.A.,ESTANCIA EL TAMBILLO
50,SAN RAFAEL,1,2,PUENTE BLANCO S.A.,ESTANCIA LOS AMIGOS
50,VISTA FLORES,1,3,PUERTO ANCONA S.A.,VISTA FLORES
50,SAN RAFAEL,1,1,R6 LA GUEVARINA S.A.,R6 LA GUEVARINA
50,SAN CARLOS,1,2,RABIDA ESCOBAR MARIA PAULA,FINCA 2R
50,TUNUYAN,1,1,S.A. BODEGA ENRIQUE VOLLMER - UCO VALLEY,BODEGAS VOLLMER UCOVALLEY S.A.
50,SAN RAFAEL,1,2,SANCHEZ PEDRO PASCUAL,FINCA LAS PAREDES
50,LAVALLE,1,2,SANES S.A.,FINCA LA ULTIMA
50,SAN MARTIN,1,3,SAVOINI MARIO ANTONIO,FINCA SAVOINI
50,VILLA ATUEL,1,2,SOLANDES S.A.,SOLANDES
50,JUNIN,1,3,SONIA Y LILIANA FERRO S.H.,RODRIGUEZ PEÑA
50,SAN RAFAEL,1,2,STAGNITTI ALBERTO,LA MACARENA
50,LUJAN DE CUYO,1,2,TACCHINI FABIO,VISTALBA
50,TUPUNGATO,1,2,TEPEU S.R.L,FINCA MUÑOZ HNOS.
50,VISTA FLORES,1,3,THIBAULT LEPOUTRE,FINCA CHACAYES NORTE (EX FINCA CHACAYES)
50,TUNUYAN,1,2,VAL DE FLORES S.A.,VAL DE FLORES
50,LUJAN DE CUYO,1,3,VALENCIA MIGUEL,LA SERENA
50,MAIPU,1,3,VALENCIA MIGUEL,LOS ALAMOS
50,RIVADAVIA,1,3,VALENCIA MIGUEL,MEDRANO
50,GUAYMALLEN,1,1,"VALENCIA, ROBERTO OSCAR",FINCA VALENCIA
50,SAN RAFAEL,1,1,VALENTIN BIANCHI SACIF ,FINCA ASTI
50,SAN RAFAEL,1,1,VALENTIN BIANCHI SACIF ,FINCA DOÑA ELSA
50,SAN RAFAEL,1,1,VALENTIN BIANCHI SACIF ,FINCA LAS PAREDES
50,SAN RAFAEL,1,2,VILLA ATUEL S.A.,FINCA VILLA ATUEL
50,SANTA ROSA,1,2,VILLAR JUAN JOSE,FINCA DOÑA CARMEN
50,SAN CARLOS,1,1,VIÑA ESENCIA S.A.,FINCA ALEGRA
50,SAN MARTIN,1,1,VIÑAS DE ALTO SALVADOR S.A.V.A.I.C,"FINCA ""DOÑA CRISTINA"" (INV E61522)"
50,SAN MARTIN,1,1,VIÑAS DE ALTO SALVADOR S.A.V.A.I.C,"FINCA ""LA SEDE "" (INV F 01047)(EX CENTRAL)"
50,LUJAN DE CUYO,1,1,VIÑAS DE CUYO S.A.,FINCA AGRELO
50,LUJAN DE CUYO,1,2,VIÑAS DE LUJAN S.R.L.,VIÑAS DE LUJAN
50,LUJAN DE CUYO,1,3,VITTORI ROBERTO Y VERONICA S.H.,CASTRO BARRO
54,SAN JAVIER,1,2,ACOSTA VILMAR,"IFAI - LOTE 1, LOTE 17"
54,SAN JAVIER,1,2,ALVARENGA ANTONIO JESUS,IFAI - LOTE 88
54,SAN JAVIER,1,2,ALVARENGA GERONIMO FRANCISCO,IFAI - LOTE 88
54,SAN JAVIER,1,2,ANGER JORGE/JUNIOR FABIAN,IFAI - LOTE 144
54,SAN JAVIER,1,2,ANIAYA HILARIO/ ALBERT,IFAI - LOTE 51
54,SAN JAVIER,1,2,ANIAYA HILARIO/ ANIAYA ALBERT / REIS ROBERTO,IFAI - LOTE 33/34
54,SAN JAVIER,1,2,ANIAYA HILARIO/ALBERT,IFAI - LOTE 15
54,SAN JAVIER,1,2,ANIAYA HILARIO/ALBERT,IFAI - LOTE 35
54,SAN JAVIER,1,2,ANTUNEZ FLORES ANTONIO CARLOS/ QUENSSELL MARCOS/DE MATOS GRISELDA,IFAI - LOTE 26
54,SAN JAVIER,1,2,ARJOL RICARDO ALFREDO / DOMINGUEZ CARLOS ALFREDO,IFAI - LOTE 3 Y 7
54,SAN JAVIER,1,2,BAEZ ANTONIO SIMEON / RODRIGUEZ TERESA / BAEZ OSCAR RAMON,IFAI - LOTE 169 B
54,SAN IGNACIO,1,3,BAEZ ESTELA MARI,IVU
54,SAN JAVIER,1,2,BALSARI EDGARDO ENRIQUE,IFAI - LOTE 77
54,OBERA,1,1,"BARBARO, MARIO LUCIANO",MARIO BARBARO
54,LIBERTADOR GENERAL SAN MARTIN,1,3,BAUMGRATZ ALOISIO,KA´A PORÀ
54,SAN JAVIER,1,2,BECKER CARLOS LUIS,IFAI - LOTE 24
54,SAN JAVIER,1,2,BOGLIOTI JUAN JOSE,IFAI - LOTE 1
54,SAN JAVIER,1,2,BOWALCZUK JESUS RAUL,IFAI - LOTE 11
54,SAN JAVIER,1,2,BUBLITZ CARLOS / LUCAS JOSE / PETRY BLACIO / PETRY JOSE RAFAEL,IFAI - LOTE C
54,SAN JAVIER,1,2,BUNNKOWSKI ELIO MARIO,IFAI - LOTE 115
54,SAN JAVIER,1,2,CARDOZO ARLINDO JESUS / CARDOZO JESUS FELIX,IFAI - LOTE 143
54,SAN JAVIER,1,2,CARDOZO JOSE LUIS,IFAI - LOTE 119 B
54,SAN JAVIER,1,2,CARDOZO RICARDO ROGELIO,IFAI - LOTE 89
54,SAN JAVIER,1,2,CARDOZO RICARDO ROGELIO ,IFAI - LOTE 172
54,SAN JAVIER,1,2,CARRE ANIBAL DANIEL/MACHADO MIRIAM GRACIELA,IFAI - LOTE 16
54,SAN JAVIER,1,2,CARRE EMILIO/ ROJAS LILA AIDHEE / CARRE ULISES RAMON,IFAI - LOTE 4
54,LIBERTADOR GENERAL SAN MARTIN,1,1,"CAVIGIOLI, MARIO",CAVIGIOLI MARIO
54,SAN JAVIER,1,2,CHESSANI JORGE / IASINSKI DANIELA LUCIA,IFAI - LOTE 15
54,SAN JAVIER,1,2,CHESSANI MAXIMO,IFAI - LOTE 69
54,OBERA,1,2,CUATRO CAMINOS S.R.L.,CUATRO CAMINOS
54,SAN JAVIER,1,2,DA CRUZ MANUEL ROSALINO/DA CRUZ JOSE RAMON / DA CRUZ JORGE ARIEL / ROSANA ISABEL / SILVIO ORLANDO,IFAI - LOTE 90 A Y B
54,SAN JAVIER,1,2,DA ROSA CARLOS/ WALTER FERREIRA DA ROSA / DE MATTOS BENITO / DE MATTOS MARIO,IFAI - LOTE 128 A
54,SAN JAVIER,1,2,DA ROSA JOSE DANIEL/RODRIGUEZ EDELMIRA/DA ROSA ALEJANDRA,IFAI - LOTE 7
54,SAN JAVIER,1,2,DA SILVA ARI/JOSE,IFAI - LOTE 72
54,SAN JAVIER,1,2,DALINGER MARGARITA IRENE,IFAI - LOTE 3 D
54,SAN JAVIER,1,2,DE LA CRUZ FRANCISCO ASIS,IFAI - LOTE 23
54,SAN JAVIER,1,2,DE LIMA ANGEL / MARTINEZ EZEQUIEL / SEGOVIA NADIA SOLEDAD,IFAI - LOTE 18-20
54,SAN JAVIER,1,2,DE MIRANDA JUAN FRANCISCO/ DE MIRANDA JOSE FRANCISCO,IFAI - LOTE 173
54,SAN JAVIER,1,2,DE OLIVERA CARLOS ORLANDO,IFAI - LOTE 19
54,SAN JAVIER,1,2,DE OLIVERA CARLOS ORLANDO,IFAI - LOTE 11
54,SAN JAVIER,1,2,DE OLIVERA HECTOR ANDRES/ DA SEQUEIRA SULEMA MABEL,IFAI - LOTE 4
54,SAN JAVIER,1,2,DE OLIVERA HECTOR ELIAS /ADELA KARINA / RODRIGUEZ HILDA ,IFAI - LOTE 10
54,SAN JAVIER,1,2,DE OLIVERA HECTOR ELIAS /ADELA KARINA / RODRIGUEZ HILDA ,IFAI - LOTE 4
54,SAN JAVIER,1,2,DE OLIVERA HUMBERTO / ANIAYA HECTOR,IFAI - LOTE 19
54,SAN JAVIER,1,2,DE OLIVERA VICTOR PLACIDO / ACOSTA CLAUDETTE,IFAI - LOTE 11
54,SAN JAVIER,1,2,DENI ANTONIO / BATIROLLA LUIS PABLO / BATIROLA GUSTAVO,IFAI - LOTE FISCAL
54,SAN JAVIER,1,2,DO SANTOS JUAN RAMON / RAMON,IFAI - LOTE 43
54,SAN JAVIER,1,2,DO SANTOS UBALDO / LUCIA / LUCAS UBALDO DO SANTOS,IFAI - LOTE 150
54,SAN JAVIER,1,2,DO SANTOS UBALDO / LUCIA / LUCAS UBALDO DO SANTOS / DO SANTOS JONATHAN,IFAI - LOTE 139
54,SAN JAVIER,1,2,DORNELES JUAN CARLOS / HOFFMANN MARTINS LAUDELINO,IFAI - LOTE 4 B
54,SAN JAVIER,1,2,DURAN AMBROSIO,IFAI - LOTE 73
54,SAN JAVIER,1,2,DURAN AMBROSIO,IFAI - LOTE 12 Y 7
54,SAN JAVIER,1,2,DURAN AMBROSIO,IFAI - LOTE 44
54,SAN JAVIER,1,2,EICHEMBER EVALDO / CLARA DOCARMO FERNANDEZ,IFAI - LOTE 21
54,SAN JAVIER,1,2,ENGER LIZARDO / RIVERO GLADIS A / AYALA ESILDA ENGER,IFAI - LOTE 148
54,SAN JAVIER,1,2,ENGER LIZARDO LUIS,IFAI - LOTE 176
54,SAN JAVIER,1,2,ENGER LIZARDO LUIS,IFAI - LOTE 152
54,SAN JAVIER,1,2,ENGERS LUCINDO / ENGERS CLOVIS MARCOS,IFAI - LOTE 22
54,LIBERTADOR GENERAL SAN MARTIN,1,3,ENRIQUE VICTOR ARRUA,MALCRIADO
54,SAN JAVIER,1,2,ESCARVADOFSKI LIZARDO TOMAS / CERRI ORESTINA,IFAI - LOTE 39 B
54,SAN JAVIER,1,2,ESCARVADOFSKI LIZARDO TOMAS/ CERRI ORESTINA,IFAI - LOTE 1 Y 2
54,SAN JAVIER,1,2,ESCARVADOFSKI LUIS FABIAN,IFAI - LOTE 17/18
54,SAN JAVIER,1,2,ESPINDOLA ALCIMIRO / FLORES MARTA,IFAI - LOTE 103
54,SAN JAVIER,1,2,ESPINDOLA ALCIMIRO / FLORES MARTA,IFAI - LOTE 24 A
54,SAN JAVIER,1,2,FERNANDEZ PEREIRA JOSE / JOSE HECTOR,IFAI - LOTE 94
54,SAN JAVIER,1,2,FERREYRA BLANCA LUCY,IFAI - LOTE 179
54,SAN JAVIER,1,2,FERREYRA LIDIA/ ELIZARDO GABRIEL,IFAI - LOTE 176
54,SAN JAVIER,1,2,FERREYRA LIDIO RAMON/ ELIZARDO GABRIEL / MIRANDA ROSANA BEATRIZ / RIVERO MARIA A. YANINA,IFAI - LOTE 174
54,SAN JAVIER,1,2,FERREYRA LIDIO RAMON/ELIZARDO GABRIEL,IFAI - LOTE 150
54,SAN JAVIER,1,2,FERREYRA LORENZO / FERREYRA ABEL MEDELI,IFAI - LOTE 27
54,SAN JAVIER,1,2,FERREYRA PEDRO,IFAI - LOTE 13
54,SAN JAVIER,1,2,FISCHER ARMINDO,IFAI - LOTE 72
54,SAN JAVIER,1,2,FISHER CLAUDIO ARIEL/ TIERLING RAUL,IFAI - LOTE 8
54,SANTO PIPO,1,2,FUNDACION ALBERTO ROTH,FUNDACION ALBERTO ROTH
54,SAN JAVIER,1,2,GALVAN MARIELA ANDREA,IFAI - LOTE 162-163
54,SAN JAVIER,1,2,GALVAN MARIELA ANDREA,IFAI - LOTE 4
54,SAN JAVIER,1,2,GALVAN MARIELA ANDREA,IFAI - LOTE 19
54,SAN JAVIER,1,2,GOMEZ ABEL,IFAI - LOTE 153
54,SAN JAVIER,1,2,GOMEZ CARLOS RUBEN,IFAI - LOTE 153
54,SAN JAVIER,1,2,GOMEZ HECTOR,IFAI - LOTE 94
54,SAN JAVIER,1,2,GOMEZ ROSALINO/ M. FATIMA DA SILVEIRA,IFAI - LOTE 123
54,SAN JAVIER,1,2,GONZALEZ CLAUDIA/BECKER OSCAR,IFAI - LOTE 36
54,SAN JAVIER,1,2,GONZALEZ MARINO/ GONZALEZ CORNELIO/ GONZALEZ SOLEDAD MARIELA,IFAI - LOTE 99
54,SAN JAVIER,1,2,GONZALEZ OSVALDO MARTIN,IFAI - LOTE 15
54,SAN JAVIER,1,2,GRABARCZUK TERESA/STECIUK NORA ISABEL,IFAI - LOTE 2 A
54,SAN JAVIER,1,2,GROSS VICTOR DANIEL,IFAI - LOTE 8F
54,SAN JAVIER,1,2,GRZVINSKI CLAUDIO / HECTOR JOSE,IFAI - LOTE 35
54,SAN JAVIER,1,2,HARTMANN MARIO / PRESTES LORENA ADRIANA / PRESTES CARLOS DAVID,IFAI - LOTE 69
54,SAN JAVIER,1,2,HARTMANN SIBANO / HARTMANN MAURO,IFAI - LOTE 121-123
54,LOS HELECHOS,1,2,HEINZMANN ENRIQUE CRISTIAN,ENRIQUE CRISTIAN HEINZMANN
54,SAN JAVIER,1,2,JAKIMZUK  PEDRO MARCOS,IFAI - LOTE 195
54,SAN JAVIER,1,2,JAKIMZUK LIDIA/ OLIVERA RUBEN,IFAI - LOTE 8
54,SAN JAVIER,1,2,KALISPRENER JORGE RUBEN / SAWISKI MIRTHA GRACIA / KALISPRENER JORGE ANDRES,IFAI - LOTE 30
54,SAN JAVIER,1,2,KAPELINSKI JOSE ESTEBAN/CRISTIAN ARIEL,IFAI - LOTE 1 B
54,SAN JAVIER,1,2,KAPELINSKI JOSE ESTEBAN/CRISTIAN ARIEL,IFAI - LOTE 17
54,SAN JAVIER,1,2,KLUGE JORGE ALFREDO,IFAI - LOTE 41
54,SAN IGNACIO,1,2,KOTH ITATI MARIA EVANGELINA,ROA PIPO
54,SAN IGNACIO,1,2,KRAUS S.A.,ESTABLECIMIENTO KRAUS
54,SAN JAVIER,1,2,KREUNING JORGE,IFAI - LOTE 96
54,SAN JAVIER,1,2,KURZNIWSKI GERARDO GERMAN,IFAI - LOTE 11
54,IGUAZU,1,3,LA CONDICION S.A.,ISTUETA KM 300
54,OBERA,1,1,LAS TREINTA S.A.,DOROSZ
54,SAN JAVIER,1,2,LASSER TERESA/ MITTIL JUAN CARLOS  / MITTIL JUAN CARLOS (HIJO),IFAI - LOTE 5
54,COLONIA BELGRANO,1,3,LOPEZ LUCAS,CHACRA IPOTI
54,SAN JAVIER,1,2,LORENZO YOLANDA /SENIO CRISTIAN SANTIAGO,IFAI - LOTE 237
54,SAN JAVIER,1,2,MACHADO MENDRANA PRADELINO / MACHADO PAULO,IFAI - LOTE 62
54,SAN JAVIER,1,2,MACHADO MIGUEL ANGEL/FERNANDO MIGUEL,IFAI - LOTE 61
54,SAN JAVIER,1,2,MACHADO MIGUEL/SOLIS ELBA BEATRIZ/MACHADO FABIANA,IFAI - LOTE 14 B
54,SAN JAVIER,1,2,MARCELO MANUEL LIMA / MANUEL ALTAMIRO LIMA,IFAI - LOTE 4
54,RUIZ DE MONTOYA,1,3,MARIANA MAMPAEY,EL HORMIGUERO
54,SAN JAVIER,1,2,MARLANDER JORGE ALFREDO / EZEQUIEL,IFAI - LOTE 7
54,SAN JAVIER,1,2,MARLANDER JORGE ALFREDO / MARLANDER EZEQUIEL/ STECIUK MATIAS,IFAI - LOTE 8
54,SAN JAVIER,1,2,MARQUEZ JUAN ANDRES,IFAI - LOTE 145
54,LIBERTADOR GENERAL SAN MARTIN,1,3,MARTIN JAVIER SALOMON SAAIED,CHACRA ADAMA
54,SAN JAVIER,1,2,MIRANDA CARLOS LEON/MIRANDA HECTOR,IFAI - LOTE 133
54,SAN JAVIER,1,2,MORAES LUCAS,IFAI - LOTE 71 Y SOBRANTE
54,LIBERTADOR GENERAL SAN MARTIN,1,1,"MOZZONI, ROBERTO RAMON",ROBERTO MOZZONI
54,SAN JAVIER,1,2,NELCI SANTIAGO / GENESINI HILDA INES,IFAI - LOTE FISCAL
54,SAN JAVIER,1,2,NEVEZ EUSEBIO,IFAI - LOTE 129
54,SAN JAVIER,1,2,NOREMBERG ROSSEMARIE HAIDEE,IFAI - LOTE 8 Y 9
54,SAN JAVIER,1,2,NUÑEZ JUAN AMERICO/MARIA ANGELICA,IFAI - LOTE E
54,SAN JAVIER,1,2,NUÑEZ JUAN BAUTISTA/ GIMENEZ ULISES,IFAI - LOTE B1
54,SAN JAVIER,1,2,NUÑEZ MARCELO RAMON / GARCIA MYRYAM,IFAI - LOTE K1
54,SAN JAVIER,1,2,NUÑEZ MARCELO RAMON /GARCIA MYRIAN,IFAI - LOTE 36
54,SAN JAVIER,1,2,OLEJNIK CARLOS/ESPINDOLA JORGE RAMON,IFAI - LOTE 27 A
54,SAN JAVIER,1,2,OLIVEIRA JORGE / NERI / VIDALVINA PEREYRA ( EX OLIVEIRA VALDIR / JORGE OLIVEIRA / ALFREDO NERI / ALEJANDRO OLIVEIRA),IFAI - LOTE 89
54,SAN JAVIER,1,2,OLIVERA ENRIQUE/ BENITO/DE MATTOS CLAUDIA / DA SILVA NATANAEL,IFAI - LOTE 198
54,SAN JAVIER,1,2,OLIVERA RAMON HECTOR,IFAI - LOTE 43
54,SAN JAVIER,1,2,OLIVERA RAMON HECTOR,IFAI - LOTE 8
54,SAN JAVIER,1,2,OLIVERA RAMON HECTOR / JAKIMZUK OLGA CLAUDIA,IFAI - LOTE 196
54,SAN JAVIER,1,2,OLIVERA ROSA/PALCHICOVSKI SERGIO RAMON,IFAI - LOTE 5
54,SAN JAVIER,1,2,OLIVERA ROSA/PALCHICOVSKI SERGIO RAMON,IFAI - LOTE 6
54,SAN JAVIER,1,2,OLIVERA RUBEN / JAKIMZUK LIDIA / OLIVERA CESAR,IFAI - LOTE 199
54,SAN JAVIER,1,2,OLIVERA RUBEN / JAKIMZUK LIDIA / OLIVERA CESAR,IFAI - LOTE 198
54,SAN JAVIER,1,2,OLIVERA RUBEN / JAKIMZUK LIDIA / OLIVERA CESAR,IFAI - LOTE 196
54,SAN JAVIER,1,2,PAEZ DONATO / DE LIMA ELIO,IFAI - LOTE 4 Y 5
54,OBERA,1,2,PARK ANNA,ANNA PARK
54,LIBERTADOR GENERAL SAN MARTIN,1,1,"PAULUK, TEODORO",PAULUK TEODORO
54,SAN JAVIER,1,2,PEDROZO ROBERTO,IFAI - LOTE 132
54,SAN JAVIER,1,2,PEREIRA MARIANO LIZARDO,IFAI - LOTE 143
54,SAN JAVIER,1,2,PEREIRA MARIANO LIZARDO,IFAI - LOTE 114
54,SAN JAVIER,1,2,PEREIRA RICARDO,IFAI - LOTE 30
54,SAN JAVIER,1,2,PEREYRA DE RAMOS ABEL/EZEQUIEL,IFAI - LOTE 44
54,SAN JAVIER,1,2,PIEKA ANTONIO / SVIRCZ ELIAS,IFAI - LOTE 21
54,SAN JAVIER,1,2,PORTO CARLOS JAVIER,IFAI - LOTE 28 A
54,SAN JAVIER,1,2,PRICHODA TEODORO BASILIO/ JORGE RICARDO,IFAI - LOTE 10
54,SAN JAVIER,1,2,PRIETTO ANGEL GABRIEL,IFAI - LOTE 19
54,SAN JAVIER,1,2,QUEVEDO LUIS ALBERTO,IFAI - LOTE 29
54,SAN JAVIER,1,2,RAMOS HILARIO LECER / HAMMERSMITH CLAUDIO /  HAMERSMITH CRISTINA MABEL / RAMOS NELCI MABEL,IFAI - LOTE 17
54,HIPOLITO YRIGOYEN,1,3,RAUL LOPEZ/LUCAS LOPEZ,CUARAJU MIMBI
54,SAN JAVIER,1,2,REIS JACINTO / REIS JORGE LUIS / REIS ROBERTO ABEL,IFAI - LOTE 37 B
54,SAN JAVIER,1,2,RIVERO GLADIS ANSELMA,IFAI - LOTE 176
54,SAN JAVIER,1,2,RIVERO JUAN CARLOS,IFAI - LOTE 67
54,SAN JAVIER,1,2,RODRIGUEZ JOSE CARLOS/ ELVIO MARINO ,IFAI - LOTE 17
54,SAN JAVIER,1,2,RODRIGUEZ JUAN CARLOS / PORTO FRANCISCO,IFAI - LOTE 17 OESTE
54,SAN JAVIER,1,2,RODRIGUEZ MIGUEL CEFERINO,IFAI - LOTE H
54,SAN JAVIER,1,2,RODRIGUEZ MIGUEL CEFERINO,IFAI - LOTE 82 /103
54,SAN JAVIER,1,2,RODRIGUEZ OSCAR/ RODRIGUEZ RENALSINO,IFAI - LOTE 154
54,SAN JAVIER,1,2,ROTTA  JOSE OSCAR/JOSE MARCELO,IFAI - LOTE 79 SUR
54,SAN JAVIER,1,2,ROTTA HERMELINDO / ROTTA GLADIS NOEMI,IFAI - LOTE 69
54,SAN JAVIER,1,2,ROTTA JOSE OSCAR/JOSE MARCELO,IFAI - LOTE 80
54,RUIZ DE MENDOZA,1,3,RUBEN DARIO HENN,CHACRA DON LUIS
54,SAN JAVIER,1,2,SADI LEIRIA,IFAI - LOTE 165
54,SAN JAVIER,1,2,SAPOZNIK ANTONIO,IFAI - LOTE 1 Y 2
54,SAN JAVIER,1,2,SAVISKI CARLOS FRANCISCO,IFAI - LOTE 39 - 40
54,SAN JAVIER,1,2,SAVISKI ELVIO OSCAR,IFAI - LOTE 29
54,LIBERTADOR GENERAL SAN MARTIN,1,1,"SCHERF, ALBERTO",SCHERF ALBERTO
54,SAN JAVIER,1,2,SCHOLLES LUIS OSCAR / JOSE LUIS,IFAI - LOTE 41
54,SAN JAVIER,1,2,SEGOVIA NADIA SOLEDAD / CRUZ MARCELO,IFAI - LOTE 78
54,SAN JAVIER,1,2,SELL JUAN,IFAI - LOTE 65
54,SAN JAVIER,1,2,SELL MIGUEL,IFAI - LOTE 54
54,SAN JAVIER,1,2,SEMAINKO JUAN ALBERTO / DANIEL,IFAI - LOTE 54
54,SAN JAVIER,1,2,SENIO CRISTIAN/LORENZO YOLANDA,IFAI - LOTE 231
54,SAN JAVIER,1,2,SILVA ARMANDO ARIEL / ADAN,IFAI - LOTE 21
54,SAN JAVIER,1,2,SILVA ILDEMAR ELIZARDO,IFAI - LOTE 17
54,SAN JAVIER,1,2,SILVEYRA EDUARDO / SEPE FATIMA ISABEL,IFAI - LOTE 87 B
54,SAN JAVIER,1,2,SKRABA JUAN PABLO/SKRABA JUAN GUSTAVO,IFAI - LOTE 9 A
54,POSADAS,1,3,SKUREK FERNANDO ARIEL,DORJE
54,SAN JAVIER,1,2,SMOLA HIPOLITO ABEL / JAKIMERSUK YOLANDA TERESA,IFAI - LOTE 119
54,SAN JAVIER,1,2,"SOLIS JOSE MARIA / ANDREA, GRACIELA",IFAI - LOTE 21
54,SAN JAVIER,1,2,SOLIS LEONEL JOSE/DOWBUZ LILIANA,IFAI - LOTE 20
54,SAN JAVIER,1,2,SOSA DA SILVA JUAN,IFAI - LOTE 61
54,SAN JAVIER,1,2,STECIUK ELIDA TERESITA/ RAEL OMAR DE OLIVERA / PALCZIKONSKI ALBINO,IFAI - LOTE 38-39-40
54,SAN JAVIER,1,2,STECIUK GREGORIO ALEJANDRO,IFAI - LOTE 228
54,SAN JAVIER,1,2,STECIUK MARIO RICARDO / STECIUK ABEL,IFAI - LOTE 233
54,SAN JAVIER,1,2,SUAREZ MARIA NELLI,IFAI - LOTE QTA 13
54,SAN JAVIER,1,2,SUAREZ RAMON OSCAR,IFAI - LOTE 16
54,SAN JAVIER,1,2,SUAREZ RAMON OSCAR / JAVIER OSCAR ,IFAI - LOTE QTA 2
54,SAN JAVIER,1,2,TABAREZ ANSELMO,IFAI - LOTE 12
54,INDEFINIDO,1,3,TARCISIO JOSE LUFT,DON BRUNO JOSE
54,SAN JAVIER,1,2,TAVAREZ CARLOS ANSELMO/ ANSELMO,IFAI - LOTE 18
54,SAN JAVIER,1,2,TAVAREZ RAMON SERGIO / JUAN CARLOS,IFAI - LOTE 12
54,SAN JAVIER,1,2,TRACHUK JOSE JAVIER / TRACHUK JOSE LUIS / TRACHUK EMILIO TEOFILO,IFAI - LOTE 72
54,SAN JAVIER,1,2,TRACHUK JOSE JAVIER / TRACHUK JOSE LUIS / TRACHUK EMILIO TEOFILO,IFAI - LOTE 65
54,SAN JAVIER,1,2,TRACHUK LUIS ADOLFO,IFAI - LOTE 82 N
54,SAN JAVIER,1,2,TRINDADES RUBEN ANGEL,IFAI - LOTE 711
54,SAN JAVIER,1,2,TYMCSZYSZYN JULIO DEMETRIO,IFAI - LOTE 520
54,SAN JAVIER,1,2,VALENZUELA TERESA / MAURICIO,IFAI - LOTE 137
54,SAN IGNACIO,1,3,VARELA CLAUDIO,EL LAPACHO
54,SAN JAVIER,1,2,VARGAS PACHECO JOSE CARLOS / DOMINGUEZ NETO ELIO / MACHADO BARCELLOS JOEL / MACHADO ARLINDO,IFAI - LOTE 28
54,SAN JAVIER,1,2,VARGAS PACHECO JOSE CARLOS / DOMINGUEZ NETO ELIO / MACHADO BARCELLOS JOEL / MACHADO ARLINDO,IFAI - LOTE 28
54,SAN JAVIER,1,2,VELAZQUE FERNANDEZ JOSE JULCI/PRETTO ADAN,IFAI - LOTE 14
54,SAN JAVIER,1,2,WAGNER NORBERTO,IFAI - LOTE 49-50
54,COMANDANTE ANDRESITO,1,2,WAIDELICH OTTO,LOS CEDRITOS
54,SAN JAVIER,1,2,ZANAZZO OMAR / ZANAZZO JUAN CARLOS,IFAI - LOTE 25
58,AÑELO,1,1,BARTUSCH Y ZUBAK SRL,RAI MAPU
58,AÑELO,1,1,"BARTUSCH, ERNESTO",AÑELO
58,CONFLUENCIA,1,1,"BARTUSCH, ERNESTO",FEDERICO (LOTE 92S93N)
58,CONFLUENCIA,1,1,"BARTUSCH, ERNESTO",RESIDENCIA (LOTE 161A)
58,AÑELO,1,1,"BARTUSCH, RODOLFO",RIO NEUQUEN
58,CONFLUENCIA,1,1,"BARTUSCH, RODOLFO",CASA (LOTE 161B)
58,CONFLUENCIA,1,1,"BARTUSCH, RODOLFO",FIDEL (LOTE 154)
58,CONFLUENCIA,1,1,"BARTUSCH, RODOLFO",Nº 205 Y Nº 206
58,CONFLUENCIA,1,1,"BARTUSCH, RODOLFO",VIVERO (LOTE 122)
58,AÑELO,1,3,BUWACO S.R.L.,LA NONA
58,CENTENARIO,1,1,"CARDENAS, JUANA ROSA",LOTE 160
58,CENTENARIO,1,1,"CARDENAS, JUANA ROSA",LOTE 94-1
58,SAN PATRICIO DEL CAÑAR,1,1,"CENTURION, LAURA",DON DIONISIO
58,CONFLUENCIA,1,1,DALLA VILLA ALBERTO RAUL,EL CLAVO
58,CONFLUENCIA,1,1,DALLA VILLA ALBERTO RAUL,LA NUEVA
58,CONFLUENCIA,1,1,DALLA VILLA ALBERTO RAUL,LA VIEJA
58,CONFLUENCIA,1,1,DALLA VILLA ALBERTO RAUL,SALITRE
58,CONFLUENCIA,1,1,DELLA GASPERA ALDO,CHACRA 187
58,CONFLUENCIA,1,1,DELLA GASPERA ALDO,CIPOLLETTI
58,CONFLUENCIA,1,1,DELLA GASPERA ALDO,LA CASA
58,AÑELO,1,1,DOS RIOS SA,EL CRUCE
58,AÑELO,1,1,ESTABLECIMIENTO NICOLAS S.R.L,NICOLAS
58,CONFLUENCIA,1,1,GARCIA MARIO ALBERTO,DON CHICHO
58,CONFLUENCIA,1,1,GARCIA MARIO ALBERTO,GARCIA MARIO
58,CONFLUENCIA,1,1,GONZALEZ ALDO DONATO,GONZALEZ ALDO DONATO
58,CONFLUENCIA,1,1,GURE ECHEA S.R.L,GERNIKA
58,CONFLUENCIA,1,1,ISLAFRUT SRL,ISLA MANZANO
58,CENTENARIO,1,1,"JACOBO, FRANCISCO JOSE","JACOBO, FRANCISCO JOSE"
58,AÑELO,1,1,LA DELICIOSA S.A.,BIOPATAGONIA
58,AÑELO,1,1,LA DELICIOSA S.A.,CHACRA 34 LOTES B Y D
58,AÑELO,1,1,LA DELICIOSA S.A.,EL ALPATACO
58,AÑELO,1,1,LA DELICIOSA S.A.,FRUTICOLA PATAGONIA
58,AÑELO,1,1,LA DELICIOSA S.A.,LA ISLA
58,CONFLUENCIA,1,1,LA DELICIOSA S.A.,AIVEN
58,CONFLUENCIA,1,1,LA DELICIOSA S.A.,DON GREGORIO
58,CONFLUENCIA,1,1,LA DELICIOSA S.A.,DOÑA PEPA
58,CONFLUENCIA,1,1,LA DELICIOSA S.A.,EL CONDOR
58,CONFLUENCIA,1,1,LA DELICIOSA S.A.,LOTES 5B Y 5A
58,CONFLUENCIA,1,1,"MARTIN, OSCAR ALFREDO",EL LUPULAR ORGANICS FARM
58,CONFLUENCIA,1,1,"MONACHESI, ALEJANDRO GABRIEL",LA CRISTINA
58,CONFLUENCIA,1,1,"PAULOVICH, JUAN CARLOS",CHACRA CHINA MUERTA
58,CONFLUENCIA,1,1,R.O.S.T. FRUIT S.A.,CHACRA 2
58,CONFLUENCIA,1,1,"RETAMAL FERNANDEZ, JOSE E.","CHACRA ""EPUYEN"""
58,SAN PATRICIO DEL CHAÑAR,1,3,SAHORES S.A.,SAHORES S.A.
58,CENTENARIO,1,1,"SANCHEZ, DARIO OMAR",LOTE 230 A
58,VISTA ALEGRE,1,1,"SANCHEZ, GLADYS MABEL","SANCHEZ, GLADYS MABEL"
58,CONFLUENCIA,1,1,SAYIHUE SRL,VISTA ALEGRE
58,AÑELO,1,1,SERHEN SRL,CHACRA 32
58,CONFLUENCIA,1,1,"STANGAFERRO, SERGIO",CHACRA 82-S
58,CONFLUENCIA,1,1,SUC. VANNICOLA RAUL ANTONIO,ESCRAY
58,AÑELO,1,1,TECNITERRA SACIA,CHACRA 19
58,AÑELO,1,1,TECNITERRA SACIA,CHACRA 19A
58,AÑELO,1,1,TECNITERRA SACIA,CHACRA 20
58,AÑELO,1,1,TECNITERRA SACIA,PICADA 8
62,EL BOLSON,1,2,ADRION PAUL,CHACRA HUMUS
62,PICHI MAHUIDA,1,1,AGRICO.AR S.A.,AGRICO.AR S.A.
62,GENERAL ROCA,1,1,AGRO ROCA SA,LA CONSTANCIA
62,GENERAL ROCA,1,1,AGRO ROCA SA,LA ESCONDIDA
62,GENERAL ROCA,1,1,AGRO ROCA SA,LA ZAMBA
62,AVELLANEDA,1,4,AGRONICA S.A.,FORTIN COPAHUE
62,GENERAL ROCA,1,1,ANTIGUA SA (EX GARRIDO ROBERTO),CHACRA 145
62,GENERAL ROCA,1,1,ANTIGUA SA (EX GARRIDO ROBERTO),CHACRA 216
62,GENERAL ROCA,1,3,ANTONINO MARIA ELENA DE COSTANZI,SANTA ELENA
62,GENERAL ROCA,1,1,"BANCO, HUGO","BANCO, HUGO"
62,GENERAL ROCA,1,1,"BARZI, GUILLERMO AMADEO",CHACRA 173
62,GENERAL ROCA,1,1,"BARZI, GUILLERMO AMADEO",CHACRA 186
62,AVELLANEDA,1,3,BIOVALLE S.A.,CHIMPAY II - LA ISLA
62,AVELLANEDA,1,3,BIOVALLE S.A.,CURUNDU - BIOVALLE B - SECTOR HORNERO B - HORNERO C Y PUCCINI NORTE
62,GENERAL ROCA,1,1,BODEGA CHACRA S.R.L.,CHACRA 356 LOTE B DON TOMASO
62,GENERAL ROCA,1,1,BODEGA CHACRA S.R.L.,CHACRA 357 LOTE B
62,GENERAL ROCA,1,1,BODEGA CHACRA S.R.L.,CHACRA MENDOZA
62,GENERAL ROCA,1,1,BODEGA NOEMIA DE PATAGONIA SA,BODEGA NOEMIA DE PATAGONIA SA
62,GENERAL ROCA,1,1,BODEGA NOEMIA DE PATAGONIA SA,CHACRA 357 LOTE 2B MAINQUE
62,AVELLANEDA,1,1,BODEGA Y VIÑEDOS PATAGONIA VALLEY S.R.L.,AUGUSTO RIPOLL
62,GENERAL ROCA,1,1,BRASPATAGONIA S.R.L.,BRASPATAGONIA
62,PILCANIYEU,1,2,CANESSA HNAS,RAYHUAO
62,GENERAL ROCA,1,1,CERES S.A.,ECO-CAÑADON
62,GENERAL ROCA,1,1,COMPAÑIA DE PRODUCCION FRUTIHORTICOLA  SA,BIO CAÑADON COLLETTI
62,GENERAL ROCA,1,1,COMPAÑIA DE PRODUCCION FRUTIHORTICOLA  SA,BUONA MELA
62,PILCANIYEU,1,1,COMPAÑIA DE TIERRAS SUD ARGENTINO SA,ESTANCIA PILCANIYEU Y SAN PEDRO
62,GENERAL ROCA,1,3,COMPAÑIA GENERAL DE FRUTAS S.A.,ELSA 1 Y 2
62,GENERAL ROCA,1,3,COMPAÑIA GENERAL DE FRUTAS S.A.,HILDA
62,GENERAL ROCA,1,3,COMPAÑIA GENERAL DE FRUTAS S.A.,LA COSTA
62,GENERAL ROCA,1,3,COMPAÑIA GENERAL DE FRUTAS S.A.,LOS PERALES
62,GENERAL ROCA,1,3,COMPAÑIA GENERAL DE FRUTAS S.A.,SECCION PRIMERA
62,GENERAL ROCA,1,3,COMPAÑIA GENERAL DE FRUTAS S.A.,SECCION TERCERA
62,AVELLANEDA,1,1,COSTA DEL RIO S.A.,CAÑADON I
62,GENERAL ROCA,1,3,COSTANZI CARLOS SILVIO,EL NONO
62,GENERAL ROCA,1,3,COSTANZI EDGARDO MARIO SILVIO,LA COSTA
62,GENERAL ROCA,1,1,"DALLA PRIA, ALBERTO Y EDUARDO S.H.",CHACRA 205
62,GENERAL ROCA,1,1,"DALLA PRIA, ALBERTO Y EDUARDO S.H.",CHACRA 216 B
62,GENERAL ROCA,1,1,"DALLA PRIA, ALBERTO Y EDUARDO S.H.",CHACRA 340
62,GENERAL ROCA,1,1,ELOSEGUI HNOS. S.A.,LA INES
62,GENERAL ROCA,1,3,ERICH JUAN  ROSAUER ,COMODATO: ZOILO S.A/ JUAN ERICH ROSAUER
62,CIPOLLETTI,1,1,ESTABLECIMIENTO SANTA MARIA S.R.L.,ESTABLECIMIENTO SANTA MARIA SRL
62,GENERAL ROCA,1,1,ESTABLECIMIENTO SOLEDAD SA,CHACRA 363
62,GENERAL ROCA,1,1,ESTABLECIMIENTO SOLEDAD SA,CHACRA Nº 385
62,GENERAL ROCA,1,1,ESTABLECIMIENTO SOLEDAD SA,CHACRA Nº 388
62,CHICHINALES,1,3,FRESCURAS ORGANICAS PATAGONICAS S.A.,CHACRA CHICHINALES
62,GENERAL E. GODOY,1,3,FRESCURAS ORGANICAS PATAGONICAS S.A.,CHACRA JOBEL
62,GENERAL E. GODOY,1,3,FRESCURAS ORGANICAS PATAGONICAS S.A.,CHACRA LAS 50
62,VILLA REGINA,1,3,FRESCURAS ORGANICAS PATAGONICAS S.A.,CHACRA ABEL
62,VILLA REGINA,1,3,FRESCURAS ORGANICAS PATAGONICAS S.A.,CHACRA MITRE
62,VILLA REGINA,1,3,FRESCURAS ORGANICAS PATAGONICAS S.A.,CHACRA MARCELO
62,VILLA REGINA,1,3,FRESCURAS ORGANICAS PATAGONICAS S.A.,CHACRA RAFIN
62,GENERAL ROCA,1,1,FRUTICULTORES EMPACADORES DE GENERAL ROCA S.A.C.I.A.E I.,CHACRA 215
62,GENERAL ROCA,1,1,FRUTICULTORES EMPACADORES DE GENERAL ROCA S.A.C.I.A.E I.,CHACRA 204
62,GENERAL ROCA,1,1,FRUTICULTORES EMPACADORES DE GENERAL ROCA S.A.C.I.A.E I.,DON PEDRO
62,GENERAL ROCA,1,1,FRUTICULTORES EMPACADORES DE GENERAL ROCA S.A.C.I.A.E I.,LA COSTANERA
62,CHICHINALES,1,3,GALERA EMETERIO,LOTE 4D
62,ALLEN,1,2,GARCIA MARIA NELIDA,CHACRA 48
62,GENERAL ROCA,1,2,GARCIA MARIA NELIDA,PUENTE COLORADO
62,GENERAL ROCA,1,2,GARCIA MARIA NELIDA,EL PUENTE
62,GENERAL ROCA,1,2,GARCIA MARIA NELIDA,LOS CIPRESES
62,GENERAL ROCA,1,1,"GARCIA, JOAQUIN",GARCIA JOAQUIN
62,EL BOLSON,1,2,GONZALEZ L. Y RIADIGOS E. S.H.,CHACRA ARROYO CLARO
62,GENERAL ROCA,1,1,"GREGORI, ROMULO LUIS",CHACRA Nº 197
62,GENERAL ROCA,1,1,HURACAN FRUIT S.R.L.,CHACRA 145E
62,CINCO SALTOS,1,2,INTERRUPCION S.A.,SECCION SEGUNDA
62,GENERAL ROCA,1,1,ISLAFRUT SRL,ISLAFRUT
62,CINCO SALTOS,1,4,JAVIER LEGASPI,EL CAPRICHO
62,SAN PATRICIO DEL CHAÑAR,1,4,JAVIER LEGASPI,VILLA MANZANO
62,GENERAL ROCA,1,1,JOSE BARRESI S.A.,CHACRA 153 BIS
62,GENERAL ROCA,1,1,JOSE BARRESI S.A.,CHACRA 154
62,GENERAL ROCA,1,1,JOSE BARRESI S.A.,CHACRA 198 LOTE 5
62,GENERAL ROCA,1,1,JOSE BARRESI S.A.,CHACRA 170
62,EL CUY,1,2,LA ANGOSTURA S.R.L.,LA ANGOSTURA
62,AVELLANEDA,1,1,LA CONQUISTA SRL,LA CONQUISTA
62,VALLE AZUL,1,3,LABARRIERE JEAN LOUIS,EL GALPON Y EL DESAGÜE
62,GENERAL ROCA,1,1,LAGO VERDE SA,LAGO VERDE
62,GENERAL ROCA,1,1,LAINO HERMANOS S.A.,CHACRA 168
62,GENERAL ROCA,1,1,LAINO HERMANOS S.A.,CHACRA 169
62,GENERAL ROCA,1,1,LAINO HERMANOS S.A.,CHACRA 197
62,GENERAL ROCA,1,1,LAINO HERMANOS S.A.,CHACRA 231
62,GENERAL ROCA,1,1,LAINO HERMANOS S.A.,LA CASONA
62,ALLEN,1,3,LOZANO S.R.L.,DON DANIEL
62,CINCO SALTOS,1,3,LOZANO S.R.L.,DON ADOLFO
62,GENERAL ROCA,1,1,LUISI ANTONIO,CHACRA N° 258
62,GENERAL ROCA,1,1,LUISI ANTONIO,CHACRA N° 270
62,GENERAL ROCA,1,1,"LUSTIG, SCHOLZ, MANSO Y OTROS",LA VARELA
62,INDEFINIDO,1,3,MAGA S.R.L.,CHACRA 83 LOTE 2
62,GENERAL ROCA,1,1,"MARCAL PATAGONICA S.A,",CALDERON  CHINCHINALES
62,GENERAL ROCA,1,1,"MARCAL PATAGONICA S.A,",CALDERON REGINA
62,CIPOLLETTI,1,1,"MARTIN, OSCAR ALFREDO",EL SAUCE
62,CIPOLLETTI,1,1,"MARTIN, OSCAR ALFREDO",GRANDE
62,GENERAL ROCA,1,1,MORRIS GLYNDWR LEONARDO,MORRIS GLYNDWR LEONARDO
62,INGENIERO HUERGO,1,3,MOSCHINI ANDRES ALBERTO,AMPARITO
62,INGENIERO HUERGO,1,3,MOSCHINI ANDRES ALBERTO,LA COLORADA
62,GENERAL ROCA,1,1,"MROZEK, MARIANA PERLA",CHACRA ISLA 48
62,GENERAL ROCA,1,1,"MUÑOZ, MARIA LUISA",MUÑOZ MARIA LUISA
62,GENERAL ROCA,1,1,"MUÑOZ, MIGUEL","MUÑOZ, MIGUEL"
62,GENERAL ROCA,1,1,NATURAL S.R.L,CROACIA
62,GENERAL ROCA,1,1,NATURAL S.R.L,LA TACUARA
62,EL CUY,1,3,ORGANICOS LA MARGARITA S.R.L.,LA MARGARITA
62,GENERAL ROCA,1,1,OTTONE EDUARDO,CHACRA N° 255
62,GENERAL ROCA,1,3,PAISSANIDIS S.A.C.I.A.,171
62,GENERAL ROCA,1,3,PAISSANIDIS S.A.C.I.A.,155
62,VALLE AZUL,1,3,PAKSERVI S.R.L.,MORYMAR
62,GENERAL ROCA,1,1,"PARRA, ROBERTO",CHACRA 281
62,GENERAL ROCA,1,1,"PARRA, ROBERTO",CHACRA Nº 269
62,GENERAL ROCA,1,1,"PARRA, ROBERTO",EDU II
62,GENERAL ROCA,1,1,PEREZ MAGDALENA Y DANIEL,CHACRA 132
62,GENERAL ROCA,1,1,PEREZ MAGDALENA Y DANIEL,CHACRA 170
62,VIEDMA,1,3,QUANTUM S.R.L.,CHACRA A-365
62,VIEDMA,1,3,QUANTUM S.R.L.,CHACRA A-366
62,GENERAL ROCA,1,1,"RETAMAL FERNANDEZ, JOSE E.",LA CHILA
62,GENERAL ROCA,1,1,RIBEREÑA DE RIO NEGRO S.A.,LA RIBEREÑA (I Y II)
62,GENERAL E. GODOY,1,3,RICCONO HORACIO C.,CHACRA VIEJA (004-1C)
62,GENERAL E. GODOY,1,3,RICCONO HORACIO C.,CHACRA NUEVA (006-03)
62,GENERAL ROCA,1,1,"RISKIN, HECTOR SERGIO",SERGIO RISKIN
62,VILLA MANZANO,1,3,ROSAUER JUAN ERICH,ZOILO S.A.
62,VILLA MANZANO,1,3,ROSAUER JUAN ROBERTO LUIS,CONTRATO LAR/JUAN ROBERTO LUIS ROSAUER (EX COMODATO....)
62,CLEMENTE ONELLI,1,2,SAINT ANTONIN - NAZAR S.H.,ANECON GRANDE
62,CINCO SALTOS,1,3,SAN JOSE S.A.,DOÑA FELICITA
62,CINCO SALTOS,1,3,SAN JOSE S.A.,SAN JOSE
62,CINCO SALTOS,1,2,SANCHEZ JOSE LUIS ,LOS PICANTES
62,CIPOLLETTI,1,1,SANCHEZ PEDRO Y OMAR SH ,SANCHEZ PEDRO Y OMAR SH
62,GENERAL ROCA,1,1,"SANCHEZ, HUGO OSVALDO",CHACRA 229
62,GENERAL ROCA,1,1,"SANCHEZ, HUGO OSVALDO",LA MAGNOLIA
62,GENERAL ROCA,1,1,"SANCHEZ, PEDRO",LOS CEDROS
62,VALLE AZUL,1,3,SARALEGUY SANDRO SERGIO,COSTA SUR 
62,VALLE AZUL,1,3,SARALEGUY SANDRO SERGIO,SARA
62,GENERAL ROCA,1,1,SCHOLZ MARIA CECILIA SCHOLZ BETTINA SH,VALLE 2
62,MAINQUE,1,3,SKUBIC MIGUEL GREGORIO ,AUSTRALIS VINAGRAD
62,GENERAL ROCA,1,1,"URRUTIA, DARIO GABRIEL",6 DE OCTUBRE
62,GENERAL ROCA,1,1,"URRUTIA, DARIO GABRIEL",CHACRA 197
62,CHICHINALES,1,3,VALTIERRA S.A.,DON GILBERTO
62,GENERAL ROCA,1,1,VILLARRAZA HORACIO,CHACRA N° 270
62,GENERAL ROCA,1,1,VILLARRAZA HORACIO,CHACRA N° 304
62,GENERAL ROCA,1,1,VIZZOTTO RICARDO,VIZZOTTO RICARDO
62,GENERAL ROCA,1,1,"VIZZOTTO, ALBERTO",VIZZOTTO ALBERTO
66,GENERAL SAN MARTIN,1,2,AGUARA SA.,LAS MARAVILLAS
66,METAN,1,4,ALQUIMIA ARGENTINA SH,LA ARMONIA
66,PAYOGASTA,1,3,ALTURA MAXIMA S.A.,RIO BLANCO
66,ORAN,1,2,ALVAREZ EDUARDO MARTIN,ESTANCIA PELICANO
66,CAFAYATE,1,1,BODEGAS NANNI S.A.,SAN JOSE DE CHIMPA
66,ORAN,1,2,BODEN ALFREDO EDUARDO ,SAN AGUSTIN
66,EL ALGARROBAL,1,2,CASTILLO ALFREDO A.,LA ESCONDIDA DEL ALGARROBAL
66,EMBARCACION,1,2,"COOPERATIVA DE PROVISION DE SERVICIOS PARA PRODUCTORES RURALES ""LA ESCONDIDA LTDA"".",FINCA IBAÑEZ
66,PICHANAL,1,2,"COOPERATIVA DE PROVISION DE SERVICIOS PARA PRODUCTORES RURALES ""LA ESCONDIDA LTDA"".",FINCA CARRATALA
66,PICHANAL,1,2,"COOPERATIVA DE PROVISION DE SERVICIOS PARA PRODUCTORES RURALES ""LA ESCONDIDA LTDA"".",FINCA LA ESCONDIDA
66,GÜEMES,1,2,DARIO F.  ARIAS S.A.,EL BORDO DE LAS LANZAS
66,ANTA,1,1,ECO AGROPECUARIA SA,SANTA MAGDALENA II
66,GÜEMES,1,2,EL OMBU SRL,FINCA SANTA ROSA
66,CAMPO SANTO,1,2,EMAISA S.A.,FINCA SAN CARLOS
66,GÜEMES,1,2,EMAISA S.A.,FINCA SANTA ROSA
66,GUACHIPAS,1,3,ESTANCIA PAMPA GRANDE S.A.A Y C,PAMPA GRANDE
66,GÜEMES,1,2,GARELY S.A.,FINCA LAS PAVAS
66,GÜEMES,1,2,HAROIAN NELSON EDGARDO,EL ZAPALLAR DE HAROIAN
66,CACHI,1,3,HESS FAMILY LATIN AMERICA S.A.,FINCA EL ARENAL
66,PICHANAL,1,2,IMPORTADORA DEL CARMEN S.A.,EL TRAMPEADERO
66,ROSARIO DE LA FRONTERA,1,2,IMPORTADORA DEL CARMEN S.A.,FINCA SANTA MARIA
66,ROSARIO DE LA FRONTERA,1,2,IMPORTADORA DEL CARMEN S.A.,FINCA BELLA VISTA
66,PICHANAL,1,2,LA VOLUNTAD S.A.,EL TRAMPEADERO
66,ROSARIO DE LA FRONTERA,1,2,MERCADO DANIEL OSVALDO,FINCA QUISCALORO
66,CHICOANA,1,2,PALMIRA S.A.,FINCA CALVIMONTE
66,CAFAYATE,1,1,PEÑAVID SA,EL TRANSITO
66,URUNDEL,1,2,RODRIGUEZ NOCETTI S.R.L.,URUNDEL
66,GÜEMES,1,2,SANZ NAVAMUEL SEBASTIAN,FINCA TORZALITO
66,GÜEMES,1,2,SOCA S.R.L.,FINCA EL ZAPALLAR
66,CAFAYATE,1,2,STUTZ RICARDO OSVALDO,LA CHIMPEÑA
66,GENERAL MOSCONI,1,1,TERMINAL DE CARGAS AEREAS SA,LA HERCILIA
66,METAN,1,1,TERMINAL DE CARGAS AEREAS SA,MIRAFLORES
66,ORAN,1,1,TERMINAL DE CARGAS AEREAS SA,RAMADITA
66,SAN JOSE DE ORQUERA,1,2,TREVISAN AGROPECUARIA SRL,SAN JOSE DE ORQUERA
66,SAN CARLOS,1,3,VIÑEDOS PUCARA S.R.L.,EL RECUERDO
70,IGLESIAS,1,1,"ACOSTA, ALEJANDRO DANIEL",FINCA CAMPANARIO
70,RAWSON,1,1,AGRICOLA ORGANICA SRL,AGRICOLA ORGANICA EX/FORESTAL ANDINA DE DIEGO IGLESIAS
70,25 DE MAYO,1,1,ALVIPA SRL,DOÑA MARIA
70,CAUCETE,1,1,ALVIPA SRL,LOS ALBERTOS
70,CALINGASTA,1,2,BIO AGRICULTORES S.A.,ESTANCIA EL LEONCITO
70,25 DE MAYO,1,2,CASSAB AHUN S.R.L,FINCA LA PLATA
70,9 DE JULIO,1,2,CASSAB AHUN S.R.L,FINCA DON ABRAHAM
70,25 DE MAYO,1,2,CASSAB AHUN S.R.L,"FINCAS LA VILLA, DISAGRO Y ANITA"
70,CAUCETE,1,1,"CRESCENTINO, HECTOR HUGO",ECOHUMUS
70,CALINGASTA,1,2,DE MI CAMPO S.A.,FINCA EL ENCUENTRO
70,ALBARDON,1,1,DON DANIEL DE  ABELARDO E. LEIVA Y GRACIELA S. CANTO,25 DE MAYO
70,ANGACO,1,1,DON DANIEL DE  ABELARDO E. LEIVA Y GRACIELA S. CANTO,ANGACO
70,CAUCETE,1,1,DON DANIEL DE  ABELARDO E. LEIVA Y GRACIELA S. CANTO,DON DANIEL
70,25 DE MAYO,1,1,EAD AGRICOLA SA (EX CARNES ANDINAS SA),EAD AGRICOLA SA
70,CAUCETE,1,1,FABRIL ALTO VERDE S.A.,"FINCA ""LA URPILA"""
70,SARMIENTO,1,1,FABRIL ALTO VERDE S.A.,"FINCA ""CEPAS"""
70,9 DE JULIO,1,1,"GARCIA, ANTONIO",FINCA ANTONIO GARCIA
70,ALBARDON,1,2,GOMEZ PEDRO VICENTE,GRANJA TIA NORA
70,SAN MARTIN,1,1,GRUPO PEÑAFLOR SA ,LA PORTEÑA
70,TAFI VIEJO,1,2,ICEBERG AGRICOLA S.A.,CULTIVOS ANDINOS
70,RAWSON,1,2,ICEBERG AGRICOLA S.A.,BORGOGNO LEONARDO
70,RAWSON,1,2,ICEBERG AGRICOLA S.A.,SANTOS ROBERTO
70,RAWSON,1,2,ICEBERG AGRICOLA S.A.,LENCINAS RAUL
70,RAWSON,1,2,ICEBERG AGRICOLA S.A.,GIOJA JUAN CARLOS
70,RAWSON,1,2,ICEBERG AGRICOLA S.A.,DE VITA JUAN JESUS
70,RAWSON,1,2,ICEBERG AGRICOLA S.A.,BLANES SILVANA ELIZABETH
70,CAUCETE,1,1,"LEIVA FERRER, ANTONIO ESTEBAN",LA PUNTILLA
70,RAWSON,1,1,"MAS, MIGUEL (HUERTA ANAHATA)",HUERTA ORGANICA ANAHATA
70,9 DE JULIO,1,1,PEÑAVID SA,FINCA LAS MORAS
70,SAN MARTIN,1,1,PEÑAVID SA,FINCA SAN MARTIN
70,25 DE MAYO,1,2,PONCHO VERDE S.A.,PONCHO VERDE
70,9 DE JULIO,1,1,VONO SA,FINCA 9 DE JULIO
70,SARMIENTO,1,1,VONO SA,ALGODONERA PYMA
74,AYACUCHO,1,3,BORGHI MARIA LILIANA ,"EL CUADRO, EL REMANSO, EL VERGEL, EL ALTO (EX SANTA MARIA)"
74,CORONEL PRINGLES,1,2,FLORIN RAIMUNDO CARLOS,PIEDRA DEL AGUA
74,SAN FRANCISCO DEL MONTE DE ORO,1,3,HEGUILOR GUILLERMO JULIO ,AGUACLARA
74,SANTA ROSA DE CONLARA,1,3,JANJETIC HNOS.,FINCAS DEL CONLARA
74,JUNIN,1,2,JEWTUSZYK MIRTHA EDITH,BAUERHAUS
74,AYACUCHO,1,3,SASSOLI ALBERTO ANDRES ,LA ESCONDIDA
78,PUERTO DESEADO,1,2,CIMADEVILLA ALEJANDRO,EL MOSCOSO
78,GÜER AIKE,1,1,COMPAÑIA DE TIERRAS SUD ARGENTINO SA,ESTANCIA CONDOR
78,MAGALLANES,1,1,COMPAÑIA DE TIERRAS SUD ARGENTINO SA,ESTANCIA CORONEL
78,RIO GALLEGOS,1,2,DICIEMBRE S.R.L.,LA CARLOTA
78,PUERTO DESEADO,1,2,DON TIBURCIO S.H.,LA RUFINA Y SECCION LA PAVA
78,GÜER AIKE,1,1,ESTANCIA KILLIK AIKE NORTE S.A.,ESTANCIA KILLIK AIKE NORTE
78,INDEFINIDO,1,3,ESTANCIA LAGUNA VERDE S.A.,ESTANCIA LAGUNA VERDE
78,RIO GALLEGOS,1,2,ESTANCIAS SARA BRAUN S.A.,SOFIA - BELLA VISTA- SAN ANTONIO
78,LAS HERAS,1,2,FUHRMANN S.A,SARAI
78,KOLUEL KAIKE,1,2,GORDON MARY ANN MARGARET,GORDON
78,DEPTO LAGO ARGENTINO (ZONA RURAL),1,2,IONA S.R.L.,CERRO CUADRADO
78,LAGO BS. AS.,1,2,RIBAYA EDUARDO SANTIAGO,EL TRIUNFO - SECCION JUANITA
78,PUERTO DESEADO,1,2,RIBAYA EDUARDO SANTIAGO,LA BUENOS AIRES - SEC. LOS ALAMOS Y DOS HNOS.
78,PUERTO DESEADO,1,2,TIRACHINI ALEJANDRO HECTOR,LA CHAIRA-LA JUANITA-LA PORTEÑA
82,BELGRANO,1,3,EL ROBLE EMPRENDIMIENTOS S.A.,CASA GRANDE
82,BELGRANO,1,3,EL ROBLE EMPRENDIMIENTOS S.A.,EL ROBLE
82,FIGHIERA,1,3,FINCA DEL PARANA DE INGENIERO PIERINO CAMPETELLI,FINCA DEL PARANA 
82,9 DE JULIO,1,4,FRANCUCCI DANIEL,DIETETICA ALBERDI
82,SAN JAVIER,1,3,FRANK CARLOS WALTER,CARLOS WALTER FRANK
82,SAN JAVIER,1,3,HOISL MARCELO,DON VICENTE
82,CASEROS,1,2,KUMAGRO S.A.,LA CATALINA
82,CAP. BERMUDEZ,1,3,LA NUEVA FLORIDA S.A.,EL DORADO
82,CAP. BERMUDEZ,1,3,LA NUEVA FLORIDA S.A.,LA NUEVA FLORIDA
82,SAN LORENZO,1,3,LA NUEVA FLORIDA S.A.,SAN CARLOS
82,FUNES,1,3,LOPEZ GRACIELA M. ,DULCES DEL JARDIN
82,SAN LORENZO,1,4,MARIA GABRIELA NARDONI,PENASH
82,ROMANG,1,3,MARIO A. WINGEYER,ISLA EL PALMAR
82,SAN JAVIER,1,3,PEREZ RAUL ARIEL,"LA RINCONADA, LOS CISNEROS, LA UNION"
82,AVELLANEDA,1,3,RODRIGO JAVIER SANDRIGO,ISLA MANOLO
82,GRAL LOPEZ,1,4,SOYAPAMPA / MISKA SA,LA VIGILANCIA
82,MONTE VERA,1,3,V. Y V. S.A.,LAS BRISAS
86,QUEBRACHOS,1,4,AGRO PROFESIONAL SA,SOL DE JULIO
86,CAPITAL,1,4,COOPSOL COOP. DE TRABAJO LTDA.,COOPSOL LORETO - PRODUCTOR
86,CAPITAL,1,4,GOMEZ BRAVO OSCAR A. Y COOPSOL LTDA.,APIARIO AB
86,CAPITAL,1,4,JOSE ALBERTO ROTULO Y COOPSOL LTDA.,APIARIO AR
86,CAPITAL,1,4,JULIO ANSELMO TORRES Y COOPSOL LTDA,APIARIO CK
86,TERMAS DE RIO HONDO,1,4,MUNICIPALIDAD DE LAS TERMAS DE RIO HONDO,UNIDAD DEMOSTRATIVA DE HORTALIZAS ORGANICAS DE LAS TERMAS DE RIO HONDO
86,CAPITAL,1,4,PEREZ WALTER E. Y COOPSOL LTDA.,APIARIO AN
86,MERCEDES,1,1,TERMINAL DE CARGAS AEREAS SA,CAMPO MERCEDES
86,CAPITAL,1,4,TORRES CLAUDIO F. Y COOPSOL LTDA.,APIARIO BN
90,MONTEROS,1,2,AGRICOLA MARES S.A.,FINCA LOS JAZMINES
90,FAMAILLA,1,2,AMANKAY S.R.L.,FINCA LAURELES
90,MONTEROS,1,2,BERRIES DEL ACONQUIJA SA.,FINCA LOMA LINDA
90,CONCEPCION,1,2,CITROMAX SACI,LAS LANZAS
90,FAMAILLA,1,2,ECOBERRIES S.A.,FINCA CLAUDIA
90,YERBA BUENA,1,2,EL MADERO S.R.L.,EL MADERO
90,EL MOLINO,1,2,FIDEICOMISO BERRIES DEL NOA 2007,FINCA EL MOLINO
90,MONTEROS,1,2,FINCAZUL S.A.,FINCA DON D
90,JUAN BAUTISTA ALBERDI,1,2,GARCIA DANIEL SEBASTIAN  ,ORGANICOS DEL SUR
90,LA INVERNADA,1,3,GEBAL S.A.,EL NOGAL
90,FAMAILLA,1,2,GREEN PACK S.A.,FINCA GREEN PACK
90,JUAN BAUTISTA ALBERDI,1,2,INVERSIONES MARAPA SRL,FINCA LOS BICHITOS
90,CHICLIGASTA,1,2,KINGBERRY S.A.,FINCA COCHAMOLLES
90,RIO CHICO,1,2,LA QUIMERA S.A.,"LA QUIMERA, COLONIA 6"
90,SOLDADO MALDONADO,1,3,LOS ALTOS S.A.,ROSA
90,LULES,1,2,MULTIFRUT S.R.L.,FINCA ZAPULLA
90,MONTEROS,1,2,NURISTAN S.A.,NURISTAN
90,LA COCHA,1,2,SIGSTAD JUAN,FINCA LOS PIZARROS Y FINCA SAN IGNACIO
90,GRANEROS,1,1,TERMINAL DE CARGAS AEREAS SA,TACO RALO
90,MONTEROS,1,2,TIERRA DE BERRIES S.A.,TIERRA DE BERRIES
94,RIO GRANDE,1,2,ESTANCIA MARIA BEHETY S.A.,MARIA BEHETY
94,RIO GRANDE,1,2,ESTANCIAS SARA BRAUN S.A.,ESTANCIA SARA
94,RIO GRANDE,1,2,LA JUCIELA S.A.,ESTANCIA SAN JULIO
94,ALMANZA,1,3,VALDES S.R.L.,ARTF 002 B12 M / VALDES SRL (PLANTA)
2,CIUDAD AUTONOMA BUENOS AIRES,2,2,LABORATORIOS FERRINI S.A.I.C.I.,NC
2,CIUDAD AUTONOMA BUENOS AIRES,2,2,MIEL CETA S.R.L.,NC
2,CIUDAD AUTONOMA BUENOS AIRES,2,2,NUTRIBABY S.A.,NC
6,GENERAL LAS HERAS,2,2,AGLH S.A.,NC
6,CAMPANA,2,2,ALPA TRADE S.R.L.,NC
6,BARADERO,2,2,ALVAREZ ANA MARIA,NC
6,AZUL,2,3,BANDERITAS S.A.,NC
6,ALBERTI,2,1,BIO GRAINS SA,NC
6,ALBERTI,2,1,BIO GRAINS SA,NC
6,CARDALES,2,1,BIO GRAINS SA,NC
6,LOS CARDALES,2,3,BIOCARDALES S.A.,NC
6,CORONEL DORREGO,2,2,BIOLIVE S.A.,NC
6,MALVINAS ARGENTINAS,2,2,BIOMAC S.R.L.,NC
6,ABASTO,2,4,CIDEL ORGANICA SRL,NC
6,LA PLATA,2,3,COOPERATIVA CREO FRUTIHORTICOLA ORGANICA LTDA.,NC
6,LUJAN,2,4,DANIEL ORLANDO BAZAN RICHIBUT,NC
6,VILLA MARTELLI,2,2,DIETETICA CIENTIFICA S.A.C.I.F.I.,NC
6,LANUS,2,2,DIETETICA CIENTIFICA S.A.C.I.F.I.,NC
2,CIUDAD AUTONOMA BUENOS AIRES,2,1,DROGUERIA HIERBAS DEL OASIS SRL ,NC
6,MAR DEL PLATA,2,2,EL MAITEN S.R.L.,NC
6,MAR DEL PLATA,2,2,EL MAITEN S.R.L.,NC
6,VILLARINO,2,1,EL TALADRILLO SRL,NC
6,GENERAL PUEYRREDON,2,1,"ETCHEBEST, PEDRO GASTON",NC
6,BOULOGNE,2,2,FECHSER RICARDO MAXIMO,NC
6,TANDIL,2,2,GARRIDO STELLA MARIS,NC
6,CHILAVERT,2,2,GONZALEZ MARIANO ANGEL,NC
6,LINCOLN,2,2,GRUPO ADN S.A.,NC
6,OPEN DOOR,2,2,HIGH DOOR S.A.,NC
6,VILLA MARTELLI,2,2,HIGH DOOR S.A.,NC
6,FLORIDA,2,2,I Y R. SAN MARTIN DEL TABACAL S.R.L.,NC
6,PASO DEL REY,2,2,INNOCENTI MONICA,NC
6,MAYOR BURATOVICH,2,3,JOSE MANUEL RABANEDO,NC
6,CARMEN DE ARECO,2,2,KUMAGRO S.A.,NC
6,VALENTIN ALSINA,2,1,LA ESQUINA DE LAS FLORES SRL ,NC
6,BOULOGNE,2,1,LA ESQUINA DE LAS FLORES SRL ,NC
6,SIERRA DE LA VENTANA / CNEL SUAREZ,2,1,LAVANDAS DE LAS SIERRAS S.R.L. ,NC
6,SAN MARTIN,2,2,LUNA HIPOLITO EDGARDO,NC
6,BARADERO,2,2,LUIS A. DUCRET Y CIA. S.A.,NC
6,BORDENAVE,2,2,MIELSO SRL,NC
6,BECCAR,2,4,MOLINO MAYAL,NC
6,LOBOS,2,4,NEXCO SA,NC
6,BURZACO,2,2,NUTRACEUTICA STURLA SRL     ,NC
6,BURZACO,2,2,ORO RUBI S.A.,NC
6,PERGAMINO,2,2,PACHAMAMA PRODUCTS SRL.,NC
6,MAR DEL PLATA,2,1,PATAGONIAN FRUITS TRADE SA,NC
6,TRES SARGENTOS,2,2,PETROAGRO S.A.,NC
6,CHIVILCOY,2,2,PETROAGRO S.A.,NC
6,CARMEN DE ARECO,2,2,PETROAGRO S.A.,NC
6,SAN MARTIN,2,2,PLANES CARLOS RODOLFO,NC
6,LANUS,2,4,PRODUCTOS AFER IMPORTADORA Y EXPORTADORA SA,NC
6,BOULOGNE,2,2,PRONAT S.A.,NC
6,BURZACO,2,2,PROSAL S.A.,NC
6,TRES ARROYOS,2,1,PROVIDENCE SA,NC
6,TRES ARROYOS,2,1,PROVIDENCE SA,NC
2,CIUDAD AUTONOMA BUENOS AIRES,2,4,PUREST FIELDS SA,NC
6,ALBERTI,2,2,RIVARA S.A.,NC
6,ALBERTI,2,2,RIVARA S.A.,NC
6,ALBERTI,2,2,RIVARA S.A.,NC
6,ALBERTI,2,1,RIVARA SA,NC
6,ALBERTI,2,1,RIVARA SA,NC
6,MONTE GRANDE,2,1,SASAKI NOOSAN SRL,NC
6,SAN ANTONIO DE ARECO,2,2,SPECIAL GRAINS S.A.,NC
6,LUJAN,2,2,SUCESION DE HARALDO WITOMIR TOMYS,NC
6,SAN PEDRO,2,2,TENAX S.A.,NC
6,LA PLATA,2,4,TESTONI VICTOR,NC
6,CARDALES,2,2,UNIVERSAL GRAIN ARGENTINA S.A.,NC
6,ALBERTI,2,2,VILLAMORA S.A.,NC
6,LUGANO CAP.FED,2,1,VIÑAS DE ALTO SALVADOR S.A.V.A.I.C,NC
6,SAN NICOLAS,2,3,VIRTUD S.A.,NC
10,SANTA MARIA,2,1,GRUPO PEÑAFLOR SA ,NC
10,TINOGASTA,2,1,LA LUNA DE CATAMARCA SA,NC
10,POMAN,2,1,OLIVARES DE POMAN SA ,NC
10,VALLE VIEJO,2,2,OLIVAS AL MUNDO S.A.,NC
10,POMAN,2,1,PROMET SA,NC
14,LA PALESTINA,2,4,CAMPOMANI S.A.,NC
14,TICINO,2,4,JL SA,NC
14,ALTA GRACIA,2,1,LA MECO S.R.L,NC
14,TICINO,2,4,"LORENZATI, RUETSCH Y CIA - LR&C SA",NC
14,TICINO,2,2,NUTRIN S.A.,NC
14,TICINO,2,4,NUTRIN SA,NC
14,ISCHILIN,2,2,OLIVARES Y VIÑEDOS SAN NICOLAS S.A.,NC
14,TICINO,2,2,PRONUT S.R.L.,NC
14,GENERAL SAN MARTIN,2,4,PRONUT SRL,NC
14,CABRERA,2,4,PRONUT SRL - PLANTA PERLO.,NC
14,SEBASTIAN ELCANO,2,2,SARDI JOSE LUIS,NC
18,GOBERNADOR VIRASORO,2,2,ESTABLECIMIENTO LAS MARIAS S.A.C.I.F.A.,NC
18,LA CRUZ,2,2,ORGANIC LATIN AMERICA S.A.,NC
18,ALVEAR,2,2,RIGO MARQUES GILMAR,NC
18,BELLA VISTA,2,2,UTE BV S.A.,NC
22,MARGARITA BELEN,2,2,CODUTTI DANIEL HUGO,NC
22,EL SAUZALITO,2,2,RIMONDINO ENRIQUE,NC
26,CUSHAMEN,2,2,CUADRADA PRODUCTIONS S.R.L.,NC
26,EL HOYO,2,1,CUYEN SRL ,NC
26,TRELEW,2,2,FOWLER S.A.,NC
26,RAWSON,2,2,FUHRMANN S.A,NC
26,ESQUEL,2,2,HIERBAS PATAGONICAS SRL,NC
26,TRELEW,2,2,LEMPRIERE S.A.,NC
26,TRELEW,2,2,PEINADURIA RIO CHUBUT S.A.,NC
26,LAGO PUELO,2,3,ROSA PATAGONICA S.A.,NC
26,CHOLILA,2,3,ROSA PATAGONICA S.A.,NC
26,GAIMAN,2,2,SORIANO SACIFIA Y DE M,NC
26,GAIMAN,2,2,SORIANO SACIFIA Y DE M,NC
26,TRELEW,2,2,UNILAN TRELEW S.A.,NC
30,VICTORIA,2,3,BOTTEGAL JUAN ANGEL Y BOTTEGAL JULIO CESAR S.H.,NC
30,VICTORIA,2,3,BOTTEGAL JUAN ANGEL Y BOTTEGAL JULIO CESAR S.H.,NC
30,SAN SALVADOR,2,4,CAUPOLICAN SRL,NC
30,CONCORDIA,2,3,DOS HERMANOS S.A.,NC
30,CONCORDIA,2,1,ECA  SA,NC
30,LOS CHARRUAS,2,3,LA LOMA ALIMENTOS S.A.,NC
30,BASAVILBASO,2,3,MAGNO S.A.,NC
30,LOS CHARRUAS,2,3,NEOFARMS S.R.L.,NC
30,SAN SALVADOR,2,2,ORGANIC LATIN AMERICA S.A.,NC
30,FEDERACION,2,2,STIVANELLO JUAN CARLOS,NC
30,CONCORDIA,2,1,LITORAL CITRUS SA,NC
38,LA ESPERANZA,2,2,INGENIO LA ESPERANZA S.A.,NC
38,SAN PEDRO DE JUJUY,2,2,INGENIO LA ESPERANZA S.A.,NC
38,SAN PEDRO DE JUJUY,2,1,LOGISTICAS INTEGRALES S.A.,NC
46,AIMOGASTA,2,1,CLEAN INVESTMENT SA ,NC
46,COLONIA ORTIZ DE OCAMPO,2,2,CONCESIONARIA DE FINCAS EL RENUEVO S.A.,NC
46,CHILECITO,2,1,COOPERATIVA VITIVINIFRUTICOLA  LA RIOJANA LTDA.,NC
46,CHILECITO,2,1,COOPERATIVA VITIVINIFRUTICOLA  LA RIOJANA LTDA.,NC
46,CHILECITO,2,1,COOPERATIVA VITIVINIFRUTICOLA  LA RIOJANA LTDA.,NC
46,AIMOGASTA,2,2,FUERTE DEL BAÑADO S.A.,NC
46,VILLA UNION,2,1,"GARROT, CARLOS PEDRO",NC
46,AIMOGASTA,2,2,GSP EMPRENDIMIENTOS AGROPECUARIOS SA,NC
46,LA RIOJA,2,2,INDUSTRIAS QUIMICAS Y MINERAS TIMBO S.A.,NC
46,CHILECITO,2,1,L.I.R.A. S.A.,NC
46,CHILECITO,2,1,L.I.R.A. S.A.,NC
46,CHILECITO,2,1,L.I.R.A. S.A.,NC
46,CHILECITO,2,1,L.I.R.A. S.A.,NC
46,LA RIOJA,2,1,OLIVOS ARGENTINOS SA ,NC
46,CAMPO GRANDE,2,3,VALLE DE LA PUERTA S.A.,NC
50,MAIPU,2,2,ADETECH S.A.,NC
50,MAIPU,2,1,ANDILLIAN SA,NC
50,TUNUYAN,2,2,ARGENTBIO S.R.L.,NC
50,SAN CARLOS,2,2,ARGENTBIO S.R.L.,NC
50,LUJAN DE CUYO,2,2,AVA S.A.,NC
50,GUAYMALLEN,2,2,BAMENEX S.A.,NC
50,GUAYMALLEN,2,2,BAMENEX S.A.,NC
50,SAN RAFAEL,2,2,BEATRIZ VASQUEZ Y JUAN CARLOS CAMARGO SH,NC
50,LUJAN DE CUYO,2,1,BEAU LIEU S.A.,NC
50,GUAYMALLEN,2,2,BIO AGRICULTORES S.A.,NC
50,UGARTECHE,2,3,BLANCO JOSE,NC
50,CRUZ DE PIEDRA,2,1,BODEGA ARGENTO S.A.,NC
50,VISTA FLORES,2,3,BODEGA PIEDRA NEGRA S.A.,NC
50,VISTA FLORES,2,3,BODEGAS ESMERALDA S.A.,NC
50,JUNIN,2,1,BODEGAS ESMERALDA SA,NC
50,MAIPU,2,1,BODEGAS Y VIÑEDOS V.O.B. S.A.,NC
50,LUJAN DE CUYO,2,1,BODEGAS Y VIÑEDOS V.O.B. S.A.,NC
50,COLONIA LOPEZ,2,2,CAMPAL S.A.,NC
50,MAIPU,2,2,CAMPO GRANDE S.A.,NC
50,SAN MARTIN,2,2,CASA SANCTE PETRE S.A.,NC
50,SAN RAFAEL,2,3,CHIMENO RUBEN W,NC
50,LUJAN DE CUYO,2,1,CK Y ASOCIADOS S.A.,NC
50,LIBERTAD/DISTR. RIVADAVIA,2,1,CK Y ASOCIADOS S.A.,NC
50,GUAYMALLEN,2,1,COOPERATIVA VITIVINICOLA DE MENDOZA,NC
50,JUNIN,2,1,DOMAINE JEAN BOUSQUET  S.A.,NC
50,LUJAN DE CUYO,2,1,DOMAINE JEAN BOUSQUET  S.A.,NC
50,TUPUNGATO,2,1,DOMAINE JEAN BOUSQUET  S.A.,NC
50,TUPUNGATO,2,2,DOMAINE JEAN BOUSQUET S.A.,NC
50,MAIPU,2,2,ECO HOLDING S.R.L.,NC
50,RAMA CAIDA,2,1,EL MORO SRL ,NC
50,LUJAN DE CUYO,2,1,EL MORO SRL ,NC
50,SAN RAFAEL,2,1,EL MORO SRL ,NC
50,LUJAN DE CUYO,2,1,EL MORO SRL ,NC
50,LUJAN DE CUYO,2,3,EMPRESA COMERCIAL EXPORTADORA S.A.,NC
50,LUJAN DE CUYO,2,3,ESTABLECIMIENTOS VITIVINICOLAS ESCORIHUELA S.A.,NC
50,GENERAL ALVEAR,2,2,FENIX S.A.,NC
50,LUJAN DE CUYO,2,1,FINCA VON WIGSTEIN S.A.,NC
50,LUJAN DE CUYO,2,1,FINCA VON WIGSTEIN S.A.,NC
50,LUJAN DE CUYO,2,2,FINCAS PATAGONICAS S.A.,NC
50,MAIPU,2,1,GRUPO PEÑAFLOR SA ,NC
50,GUAYMALLEN,2,1,JUGOS AUSTRALES S.A.,NC
50,SAN MARTIN,2,1,JUGOS AUSTRALES S.A.,NC
50,MAIPU,2,3,LA AGRICOLA S.A.,NC
50,LOS BARRIALES,2,3,LAIANA S.R.L.,NC
50,RIVADAVIA,2,3,LIPTOV S.A.,NC
50,UGARTECHE,2,1,LLIHUE S.A.,NC
50,SANTA ROSA,2,3,LOGISTICA DEL VALLE COMERCIAL S.A.,NC
50,MAIPU,2,3,LOPEZ LOPEZ MANUEL,NC
50,GUAYMAYEN,2,4,LOS CORRALITOS SA,NC
50,TUPUNGATO,2,1,MASI TUPUNGATO VIGNETI LA ARBOLEDA SA ,NC
50,GODOY CRUZ,2,1,MENDOZA VINEYARDS S.A.,NC
50,SAN MARTIN,2,3,MONTLAIZ S.R.L.,NC
50,TUPUNGATO,2,2,NUEZ DE ACONCAGUA S.A.,NC
50,LUJAN DE CUYO,2,1,OJO DE VINO SA ,NC
50,LUJAN DE CUYO,2,1,OJO DE VINO SA ,NC
50,LIBERTAD/DISTR. RIVADAVIA,2,1,OLIVARES DE DON IGNACIO S.A. ,NC
50,TUPUNGATO,2,2,PALUMBO GOTTARDINI CARLOS ROBERTO,NC
50,LIBERTAD/DISTR. RIVADAVIA,2,1,PARRA SA ,NC
50,MAIPU,2,2,PEDRO Y JORGE CECCHIN S.R.L.,NC
50,LUJAN DE CUYO,2,3,PROVIVA S.R.L.,NC
50,SAN RAFAEL,2,2,PRUGNA SRL,NC
50,GUAYMALLEN,2,2,PUENTE BLANCO S.A.,NC
50,CHACRAS DE CORIA,2,2,PULMARY S.A.,NC
50,VILLA ATUEL,2,1,R6 LA GUEVARINA S.A.,NC
50,TUNUYAN,2,2,ROLLAND WINES AND CONSULTING S.A.,NC
50,TUNUYAN,2,1,S.A. BODEGA ENRIQUE VOLLMER - UCO VALLEY,NC
50,MAIPU,2,2,SANES S.A.,NC
50,SAN RAFAEL,2,2,SENAREGA NELSON MARIO,NC
50,SAN RAFAEL,2,2,SOLANDES S.A.,NC
50,JUNIN,2,3,SONIA Y LILIANA FERRO S.H.,NC
50,SAN RAFAEL,2,1,VALENTIN BIANCHI SACIF ,NC
50,VILLA ATUEL,2,2,VILLA ATUEL S.A.,NC
50,LA PAZ,2,3,VINECOL S.A.,NC
50,LAVALLE,2,1,VIÑAS ARGENTINAS SA,NC
50,SAN MARTIN,2,1,VIÑAS DE ALTO SALVADOR S.A.V.A.I.C,NC
50,LUJAN DE CUYO,2,3,VITTORI ROBERTO Y VERONICA S.H.,NC
54,RUIZ DE MONTOYA,2,2,COOP. AGRICOLA LTDA. RUIZ DE MONTOYA,NC
54,RUIZ DE MONTOYA,2,1,COOP. AGRICOLA RUIZ DE MONTOYA LTDA.,NC
54,RUIZ DE MONTOYA,2,1,COOPERATIVA AGRICOLA MIXTA DE MONTE CARLO LIMITADA,NC
54,MONTECARLO,2,2,COOPERATIVA AGRICOLA MIXTA DE MONTECARLO LIMITADA,NC
54,SAN IGNACIO,2,3,COOPERATIVA AGROPECUARIA BIODINAMICA LA ABUNDANCIA LTDA.,NC
54,CAMPO VIERA,2,2,CUATRO CAMINOS S.R.L.,NC
54,SAN JAVIER,2,2,INGENIO SAN JAVIER,NC
54,SANTO PIPO,2,2,KOTH ITATI MARIA EVANGELINA,NC
54,SANTO PIPO,2,2,KOTH ITATI MARIA EVANGELINA,NC
54,OBERA,2,2,KOTH ITATI MARIA EVANGELINA,NC
54,SAN IGNACIO,2,2,KRAUS S.A.,NC
54,APOSTOLES,2,2,LA CACHUERA S.A.,NC
54,OBERA,2,1,LA OBEREÑA S.R.L.,NC
54,OBERA,2,1,LAS TREINTA S.A.,NC
54,POSADAS / OBERA,2,2,PARK ANNA,NC
58,AÑELO ,2,1,"BARTUSCH, ERNESTO ",NC
58,SAN PATRICIO DEL CHAÑAR,2,3,COMPAÑIA GENERAL DE FRUTAS S.A.,NC
58,PLOTTIER,2,1,COOPERATIVA FRUTICOLA DE NEUQUEN LTDA.,NC
58,PLOTTIER,2,1,COOPERATIVA FRUTICOLA DE NEUQUEN LTDA.,NC
58,CENTENARIO,2,1,FRUTICULTORES UNIDOS CENTENARIO SRL,NC
58,CENTENARIO,2,1,FRUTICULTORES UNIDOS CENTENARIO SRL,NC
58,PLOTTIER,2,1,"GREGORIO, NUMO Y NOEL WERTHEIN SA ",NC
58,CENTENARIO,2,1,JUGOS DEL SUR S.A.,NC
58,PLOTTIER,2,1,JUGOS DEL SUR S.A.,NC
58,SAN PATRICIO DEL CHAÑAR,2,1,LA DELICIOSA S.A.,NC
58,CENTENARIO,2,1,LA DELICIOSA S.A.,NC
58,CONFLUENCIA,2,1,LA DELICIOSA S.A.,NC
58,VISTA ALEGRE,2,1,PATAGONIAN FRUITS TRADE SA,NC
62,RIO COLORADO,2,1,AGRICO.AR S.A.,NC
62,GENERAL ROCA,2,1,AGRO ROCA SA,NC
62,VALLE AZUL,2,3,BIOFERT S.R.L.,NC
62,LAMARQUE,2,3,EXPOFRUT ARGENTINA S.A.,NC
62,SAN CARLOS DE BARILOCHE,2,3,FLORES NORPATAGONICAS S.R.L.,NC
62,GENERAL ROCA,2,1,FRUTICULTORES EMPACADORES DE GENERAL ROCA S.A.C.I.A.E I.,NC
62,GENERAL ROCA,2,1,FRUTICULTORES UNIDOS CENTENARIO SRL,NC
62,CIPOLLETTI,2,1,"GREGORIO, NUMO Y NOEL WERTHEIN SA ",NC
62,MAINQUE,2,2,JUGOS LUGA S.A.,NC
62,VILLA REGINA,2,1,JUGOS SA,NC
62,VILLA REGINA,2,1,JUGOS SA,NC
62,CHIMPAY,2,1,LA CONQUISTA SRL,NC
62,ALLEN,2,2,LAMPERTI HNOS S.R.L.,NC
62,CINCO SALTOS,2,3,LOZANO S.R.L.,NC
62,GENERAL ROCA,2,1,MARESBA SRL,NC
62,EL CUY,2,3,ORGANICOS LM S.R.L.,NC
62,VILLA REGINA,2,1,PATAGONIAN FRUITS TRADE SA,NC
62,VILLA REGINA,2,1,PATAGONIAN FRUITS TRADE SA,NC
62,INGENIERO HUERGO,2,1,PATAGONIAN FRUITS TRADE SA,NC
62,GENERAL ROCA,2,1,PATAGONIAN FRUITS TRADE SA,NC
62,GENERAL ROCA,2,1,PATAGONIAN FRUITS TRADE SA,NC
62,CHICHINALES  ,2,1,PATAGONIAN FRUITS TRADE SA,NC
62,GENERAL ROCA,2,1,PRIMERA COOPERATIVA FRUTICOLA DE GENERAL ROCA LTDA.,NC
62,VIEDMA,2,3,QUANTUM S.R.L.,NC
62,VIEDMA,2,3,QUANTUM S.R.L.,NC
62,VALLE AZUL,2,3,SARALEGUY SANDRO SERGIO,NC
62,VALLE AZUL,2,3,SARALEGUY SANDRO SERGIO,NC
66,CAFAYATE,2,1,BODEGAS NANNI S.A.,NC
66,CERRILLOS,2,2,DMC AGROINDUSTRIAL SRL,NC
66,ANTA,2,1,ECO AGROPECUARIA SA,NC
66,SALTA CAPITAL,2,4,ECO FOOD SRL,NC
66,CAFAYATE,2,1,GRUPO PEÑAFLOR SA ,NC
66,CAMPO SANTO,2,2,PROSAL S.A.,NC
66,RUTA  34 KM 1135,2,2,TECNO OIL S.R.L.,NC
70,CAUCETE,2,1,ALVIPA SRL,NC
70,SANTA LUCIA,2,2,CASSAB AHUN S.R.L,NC
70,SANTA LUCIA,2,1,CONEXPORT S.A. (CONSORCIO EXPORTADOR),NC
70,CHIMBAS,2,1,CONEXPORT S.A. (CONSORCIO EXPORTADOR),NC
70,POCITO,2,1,FABRIL ALTO VERDE S.A.,NC
70,RAWSON,2,1,"GARCIA, ANTONIO",NC
70,SAN MARTIN,2,1,GRUPO PEÑAFLOR SA ,NC
70,SAN MARTIN,2,1,GRUPO PEÑAFLOR SA ,NC
70,CAUCETE,2,1,GRUPO PEÑAFLOR SA ,NC
70,RAWSON,2,2,ICEBERG AGRICOLA S.A.,NC
70,POCITO,2,1,"MAS, MIGUEL (HUERTA ANAHATA)",NC
70,CAUCETE,2,1,RINCON AMARILLO S.A.,NC
70,CAUCETE,2,1,RINCON AMARILLO S.A.,NC
70,LAS CASUARINAS,2,1,SOL FRUT SA,NC
70,SANTA LUCIA,2,1,VIÑA MONTPELLIER S.A.,NC
74,SAN FRANCISCO DEL MONTE DE ORO,2,3,HEGUILOR GUILLERMO JULIO,NC
82,AVELLANEDA,2,2,ALOE CALCHAQUI S.R.L.,NC
82,CORONDA,2,1,ELABORADORES DE FRUTA S.A.,NC
82,FIGHIERA,2,3,FINCA DEL PARANA DE PIERINO CAMPETELLI,NC
82,SAN JAVIER,2,3,HOISL MARCELO,NC
82,FUNES,2,3,LOPEZ GRACIELA M.,NC
82,SAN JAVIER,2,3,PEREZ RAUL ARIEL,NC
82,ROSARIO,2,2,URIEN LOZA S.A.,NC
82,SANTA FE,2,3,V Y V ALIMENTOS S.A.,NC
82,MONTE VERA,2,3,V. Y V. S.A.,NC
86,SANTIAGO DEL ESTERO,2,4,COOPSOL LTDA.,NC
90,MONTEROS,2,2,AGRICOLA MARES S.A.,NC
90,ACHERAL,2,3,CITROMAX S.A.C.I,NC
90,ACHERAL,2,3,CITROMAX S.A.C.I,NC
90,SANTA LUCIA,2,2,CITROMAX SACI,NC
90,ACHERAL,2,2,CITROMAX SACI,NC
90,EL MOLINO,2,2,FIDEICOMISO BERRIES DEL NOA 2005,NC
90,MONTEROS,2,2,FINCAZUL S.A.,NC
90,FAMAILLA,2,2,GREEN PACK S.A.,NC
90,SAN MIGUEL DE TUCUMAN,2,2,IMPORTADORA DEL CARMEN S.A.,NC
90,JUAN BAUTISTA ALBERDI,2,2,INVERSIONES MARAPA SRL,NC
90,LA COCHA,2,2,JUAN SIGSTAD S.R.L.,NC
90,SOLDADO MALDONADO,2,2,KINGBERRY S.A.,NC
90,LOS NOGALES,2,2,LA VOLUNTAD S.A.,NC
90,LULES,2,2,MULTIFRUT S.R.L.,NC
90,ACHERAL,2,2,NURISTAN S.A.,NC
90,MONTEROS,2,2,TIERRA DE ARANDANOS SRL.,NC
94,ALMANZA,2,3,VALDES S.R.L.,NC
2,CIUDAD AUTONOMA BUENOS AIRES,3,1,ANDILLIAN SA,NC
2,CIUDAD AUTONOMA BUENOS AIRES,3,2,ARGENTBIO S.R.L.,NC
2,CIUDAD AUTONOMA BUENOS AIRES,3,1,BIO GRAINS SA,NC
2,CIUDAD AUTONOMA BUENOS AIRES,3,2,CHARGEURS WOOL ARGENTINA S.A.,NC
2,CIUDAD AUTONOMA BUENOS AIRES,3,4,DANIEL ORLANDO BAZAN RICHIBUT,NC
2,CIUDAD AUTONOMA BUENOS AIRES,3,1,DROGUERIA HIERBAS DEL OASIS SRL ,NC
2,CIUDAD AUTONOMA BUENOS AIRES,3,3,EDCO GRAINS S.A.,NC
2,CIUDAD AUTONOMA BUENOS AIRES,3,3,EDUARDO POMPEYO ROJAS,NC
2,CIUDAD AUTONOMA BUENOS AIRES,3,2,EMECINCO SA,NC
2,CIUDAD AUTONOMA BUENOS AIRES,3,2,ESTABLEC. TEXTILES ITUZAINGO S.A.C.F.I.,NC
2,CIUDAD AUTONOMA BUENOS AIRES,3,3,ESTANCIA LAGUNA VERDE S.A.,NC
2,CIUDAD AUTONOMA BUENOS AIRES,3,2,FDB AGROEXPORT S.A.,NC
2,CIUDAD AUTONOMA BUENOS AIRES,3,4,FLOTOM SRL,NC
2,CIUDAD AUTONOMA BUENOS AIRES,3,2,ECO HOLDING S.R.L.,NC
2,CIUDAD AUTONOMA BUENOS AIRES,3,2,FOWLER S.A.,NC
2,CIUDAD AUTONOMA BUENOS AIRES,3,1,GALATIC SA,NC
2,CIUDAD AUTONOMA BUENOS AIRES,3,2,GOLONDRINA TRADING SRL,NC
2,CIUDAD AUTONOMA BUENOS AIRES,3,1,"GREGORIO, NUMO Y NOEL WERTHEIN SA ",NC
2,CIUDAD AUTONOMA BUENOS AIRES,3,2,GRUPO ADN S.A.,NC
2,CIUDAD AUTONOMA BUENOS AIRES,3,4,HONEY & GRAINS SRL,NC
2,CIUDAD AUTONOMA BUENOS AIRES,3,4,HONEY THINGS SA,NC
2,CIUDAD AUTONOMA BUENOS AIRES,3,2,IDALTEK SA,NC
2,CIUDAD AUTONOMA BUENOS AIRES,3,2,INTERRUPCION S.A.,NC
2,CIUDAD AUTONOMA BUENOS AIRES,3,2,KINGBERRY S.A.,NC
2,CIUDAD AUTONOMA BUENOS AIRES,3,2,LABORATORIO ELEA S.A.C.I.F Y A.,NC
2,CIUDAD AUTONOMA BUENOS AIRES,3,2,LARTIRIGOYEN Y CIA S.A.,NC
2,CIUDAD AUTONOMA BUENOS AIRES,3,1,LONGEVORGANICA SRL,NC
2,CIUDAD AUTONOMA BUENOS AIRES,3,2,MAOAR S.R.L.,NC
2,CIUDAD AUTONOMA BUENOS AIRES,3,1,MOÑO AZUL SACYA,NC
2,CIUDAD AUTONOMA BUENOS AIRES,3,2,ONSIBON S.A.,NC
2,CIUDAD AUTONOMA BUENOS AIRES,3,2,ORGANIC LATIN AMERICA S.A.,NC
2,CIUDAD AUTONOMA BUENOS AIRES,3,2,ORGANIC SUPPLIERS S.R.L,NC
2,CIUDAD AUTONOMA BUENOS AIRES,3,3,PAMPA STORE S.A.,NC
2,CIUDAD AUTONOMA BUENOS AIRES,3,2,PHOENICIAN TRADING S.A.,NC
2,CIUDAD AUTONOMA BUENOS AIRES,3,2,PRINEX S.A.,NC
2,CIUDAD AUTONOMA BUENOS AIRES,3,1,SANTA ANITA OIL S.A.,NC
2,CIUDAD AUTONOMA BUENOS AIRES,3,2,SONY ARGENTINA S.A.,NC
2,CIUDAD AUTONOMA BUENOS AIRES,3,1,TREVISUR SA,NC
2,CIUDAD AUTONOMA BUENOS AIRES,3,2,UNILAN TRELEW S.A.,NC
6,AZUL,3,4,AGRICOLA EL HORIZONTE SA,NC
6,CARMEN DE ARECO,3,2,ARECO SEMILLAS S.A.,NC
6,MALVINAS ARGENTINAS,3,2,BIOMAC S.R.L.,NC
6,SAN MARTIN,3,1,D SOLANS Y OTROS SA,NC
6,ITUZAINGO,3,2,EARLY CROP S.A.,NC
6,BAHIA BLANCA,3,1,EL TALADRILLO SRL,NC
6,SAN ISIDRO,3,2,EXPOFRESH S.A.,NC
6,BECCAR,3,2,HORTIFRUT EXPOFRESH S.A.,NC
6,MARTINEZ,3,1,INC S.A.,NC
6,VALENTIN ALSINA,3,1,LA ESQUINA DE LAS FLORES SRL ,NC
6,OLIVOS,3,1,LAVANDAS DE LAS SIERRAS S.R.L. ,NC
6,DEL VISO,3,2,MALEFU AGROPECUARIA S.R.L.,NC
6,TRES ARGENTOS,3,4,PETROAGRO SA,NC
6,LANUS,3,4,PRODUCTOS AFER IMPORTADORA Y EXPORTADORA SA,NC
6,BAHIA BLANCA,3,4,SECOMEX SRL,NC
6,AZUL,3,3,SOYAPAMPA S.A.,NC
6,AZUL,3,4,SOYAPAMPA SA,NC
10,SAN FERNANDO DEL VALLE DE CATAMARCA,3,1,REGINA SA,NC
14,CORDOBA,3,4,CONOSUR FOODS ARGENTINA S.A.,NC
14,CORDOBA,3,4,FRANCO BATTAN NERY,NC
14,TICINO,3,2,JL S.A.,NC
14,TICINO,3,4,JL SA,NC
14,BARRIO VILLA BELGRANO,3,1,LA MECO S.R.L,NC
14,TICINO,3,2,LORENZATI RUETSCH Y CIA. S.A.,NC
14,TICINO,3,4,"LORENZATI, RUETSCH Y CIA - LR&C SA",NC
14,CORDOBA,3,4,LORENZO PERLO Y CIA SA,NC
14,TICINO,3,2,NUTRIN S.A.,NC
14,TICINO,3,4,NUTRIN SA,NC
14,CORDOBA CAPITAL,3,2,PRONUT S.R.L.,NC
14,GENERAL SAN MARTIN,3,4,PRONUT SRL,NC
14,CORDOBA,3,4,RAFAGOS SA,NC
26,TRELEW,3,2,LEMPRIERE S.A.,NC
30,SAN SALVADOR,3,4,CAUPOLICAN SRL,NC
30,CONCORDIA,3,3,NEOFARMS S.R.L.,NC
46,LA RIOJA,3,1,TRANSPORTE 9 DE JULIO S.A.,NC
50,GUAYMALLEN,3,2,AGRO RUGGERI S.A.,NC
50,MAIPU,3,3,BGA MONTLAIZ S.A.,NC
50,MAIPU,3,2,BIOFRATER SA,NC
50,GUAYMALLEN,3,1,ENZA ZADEN ARGENTINA S.R.L.,NC
50,GENERAL ALVEAR,3,2,FENIX FRUIT CONCENTRATES S.A.,NC
50,GUAYMALLEN,3,2,FIDEICOMISO SANTA RITA ,NC
50,SAN RAFAEL,3,2,HACIENDA TUPUNGATO SA,NC
50,TUPUNGATO,3,1,LEA SA,NC
50,LUJAN DE CUYO,3,2,TRES WINES S.A.,NC
50,LUJAN DE CUYO,3,2,VIÑAS DE LUJAN S.R.L.,NC
54,RUIZ DE MONTOYA,3,1,COOP. AGRICOLA RUIZ DE MONTOYA LTDA.,NC
54,MONTECARLO,3,2,COOPERATIVA AGRICOLA MIXTA DE MONTECARLO LIMITADA,NC
54,OBERA,3,1,SOCIEDAD ARGENTINA PARA NUEVOS  EMPRENDIMIENTOS S.A. (SANESA),NC
58,CENTENARIO,3,1,"BARTUSCH, ERNESTO ",NC
58,CENTENARIO ,3,1,LA DELICIOSA S.A.,NC
58,NEUQUEN,3,1,THE O´S TRADING COMPANY S.A.,NC
62,GENERAL ROCA,3,1,AGRO ROCA SA,NC
62,CIPOLLETTI,3,3,ECOFRUT S.A.,NC
62,GENERAL ROCA,3,3,EXPOFRUT ARGENTINA S.A.,NC
62,GENERAL ROCA,3,1,PRODUCTORES ARGENTINOS INTEGRADOS S.A.,NC
66,SALTA,3,4,ALQUIMIA ARGENTINA SH,NC
66,SALTA,3,4,ECO FOOD SRL,NC
66,SALTA CAPITAL,3,2,LOS CHARITOS S.R.L.,NC
66,SALTA,3,4,MISKA S.A,NC
66,SALTA CAPITAL,3,2,RODRIGUEZ NOCETTI S.R.L.,NC
70,BARRIO RAWSON,3,1,AGRO ALLIUM SA,NC
82,ROSARIO,3,3,TRADING SUR S.A.,NC
86,SANTIAGO DEL ESTERO,3,4,COOPSOL LTDA.,NC
90,SAN MIGUEL DE TUCUMAN,3,2,CARRIZO ARQUIMEDES R.T.,NC
90,SAN MIGUEL DE TUCUMAN,3,2,CATASUS ANCHORENA ANDRES RAMON,NC
90,SAN MIGUEL DE TUCUMAN,3,2,DUCK BABY S.R.L.,NC
90,SAN MIGUEL DE TUCUMAN,3,2,FUTURE FIRE S.A.,NC
90,AGUILARES,3,2,MOYCO SRL,NC
90,YERBA BUENA,3,2,PACTA S.R.L.,NC
90,SAN MIGUEL DE TUCUMAN,3,1,TERMINAL DE CARGAS AEREAS SA,NC
